SKU,Fournisseur,Nom,Confiance,URLs
M310009,BENISTI (POINT ZÉRO),5 POCHES,approx,https://hlzmzadbygyizbdzhvkb.supabase.co/storage/v1/object/public/product-images/M310009/M310009_1.jpg | https://hlzmzadbygyizbdzhvkb.supabase.co/storage/v1/object/public/product-images/M310009/M310009_2.jpg
M1650E137,BALLIN INC.,5 POCHES COTON,approx,https://hlzmzadbygyizbdzhvkb.supabase.co/storage/v1/object/public/product-images/M1650E137/M1650E137_1.jpg | https://hlzmzadbygyizbdzhvkb.supabase.co/storage/v1/object/public/product-images/M1650E137/M1650E137_2.jpg
M2569M062,BALLIN INC.,5 POCHES EXTENSIBLE,approx,https://hlzmzadbygyizbdzhvkb.supabase.co/storage/v1/object/public/product-images/M2569M062/M2569M062_1.jpg | https://hlzmzadbygyizbdzhvkb.supabase.co/storage/v1/object/public/product-images/M2569M062/M2569M062_2.jpg
DEAN,AU NOIR,5 POCHES EXTENSIBLE,approx,https://hlzmzadbygyizbdzhvkb.supabase.co/storage/v1/object/public/product-images/DEAN/DEAN_1.jpg | https://hlzmzadbygyizbdzhvkb.supabase.co/storage/v1/object/public/product-images/DEAN/DEAN_2.jpg | https://hlzmzadbygyizbdzhvkb.supabase.co/storage/v1/object/public/product-images/DEAN/DEAN_3.jpg
DEANJ MIAMI,AU NOIR,5 POCHES EXTENSIBLE,exact,https://hlzmzadbygyizbdzhvkb.supabase.co/storage/v1/object/public/product-images/DEANJ_MIAMI/DEANJ_MIAMI_1.jpg | https://hlzmzadbygyizbdzhvkb.supabase.co/storage/v1/object/public/product-images/DEANJ_MIAMI/DEANJ_MIAMI_2.jpg | https://hlzmzadbygyizbdzhvkb.supabase.co/storage/v1/object/public/product-images/DEANJ_MIAMI/DEANJ_MIAMI_3.jpg | https://hlzmzadbygyizbdzhvkb.supabase.co/storage/v1/object/public/product-images/DEANJ_MIAMI/DEANJ_MIAMI_4.jpg
20707721,BLEND (DK COMPANY CANADA INC),5 POCHES EXTENSIBLE,exact,https://hlzmzadbygyizbdzhvkb.supabase.co/storage/v1/object/public/product-images/20707721/20707721_1.jpg
00HR817,ANGO-MODE LTÉE (LES IMPORTATIONS),5 POCHES EXTENSIBLE,approx,https://hlzmzadbygyizbdzhvkb.supabase.co/storage/v1/object/public/product-images/00HR817/00HR817_1.jpg
JOHNNY.SKD,AU NOIR,5 POCHES EXTENSIBLE,exact,https://hlzmzadbygyizbdzhvkb.supabase.co/storage/v1/object/public/product-images/JOHNNY.SKD/JOHNNY.SKD_1.jpg | https://hlzmzadbygyizbdzhvkb.supabase.co/storage/v1/object/public/product-images/JOHNNY.SKD/JOHNNY.SKD_2.jpg | https://hlzmzadbygyizbdzhvkb.supabase.co/storage/v1/object/public/product-images/JOHNNY.SKD/JOHNNY.SKD_3.jpg | https://hlzmzadbygyizbdzhvkb.supabase.co/storage/v1/object/public/product-images/JOHNNY.SKD/JOHNNY.SKD_4.jpg | https://hlzmzadbygyizbdzhvkb.supabase.co/storage/v1/object/public/product-images/JOHNNY.SKD/JOHNNY.SKD_5.jpg
M314SL,BENISTI (POINT ZÉRO),5 POCHES EXTENSIBLE,approx,https://hlzmzadbygyizbdzhvkb.supabase.co/storage/v1/object/public/product-images/M314SL/M314SL_1.jpg | https://hlzmzadbygyizbdzhvkb.supabase.co/storage/v1/object/public/product-images/M314SL/M314SL_2.jpg
SMART,DIFFER JEANS,5 POCHES POLYVISCOSE,approx,https://hlzmzadbygyizbdzhvkb.supabase.co/storage/v1/object/public/product-images/SMART/SMART_1.jpg | https://hlzmzadbygyizbdzhvkb.supabase.co/storage/v1/object/public/product-images/SMART/SMART_2.jpg
ZM926,MEXX  HOMME,5 POCHES POLYVISCOSE,approx,https://hlzmzadbygyizbdzhvkb.supabase.co/storage/v1/object/public/product-images/ZM926/ZM926_1.jpg | https://hlzmzadbygyizbdzhvkb.supabase.co/storage/v1/object/public/product-images/ZM926/ZM926_2.jpg
20506226,CASUAL FRIDAY ( DKV COMPANY),A PLIS COT/POLY/LIN,exact,https://hlzmzadbygyizbdzhvkb.supabase.co/storage/v1/object/public/product-images/20506226/20506226_1.jpg | https://hlzmzadbygyizbdzhvkb.supabase.co/storage/v1/object/public/product-images/20506226/20506226_2.jpg | https://hlzmzadbygyizbdzhvkb.supabase.co/storage/v1/object/public/product-images/20506226/20506226_3.jpg | https://hlzmzadbygyizbdzhvkb.supabase.co/storage/v1/object/public/product-images/20506226/20506226_4.jpg
LAMBPA110000,PEERLESS,A PLIS MICROFIBRE,approx,https://hlzmzadbygyizbdzhvkb.supabase.co/storage/v1/object/public/product-images/LAMBPA110000/LAMBPA110000_1.jpg | https://hlzmzadbygyizbdzhvkb.supabase.co/storage/v1/object/public/product-images/LAMBPA110000/LAMBPA110000_2.jpg
M7986M180X,BALLIN INC.,A PLIS POLY LAINE,approx,https://hlzmzadbygyizbdzhvkb.supabase.co/storage/v1/object/public/product-images/M7986M180X/M7986M180X_1.jpg | https://hlzmzadbygyizbdzhvkb.supabase.co/storage/v1/object/public/product-images/M7986M180X/M7986M180X_2.jpg
M1917E081,BALLIN INC.,A PLIS POLY LAINE,approx,https://hlzmzadbygyizbdzhvkb.supabase.co/storage/v1/object/public/product-images/M1917E081/M1917E081_1.jpg | https://hlzmzadbygyizbdzhvkb.supabase.co/storage/v1/object/public/product-images/M1917E081/M1917E081_2.jpg
P886430,RIVIERA INC.,A PLIS POLY LAINE,approx,https://hlzmzadbygyizbdzhvkb.supabase.co/storage/v1/object/public/product-images/P886430/P886430_1.jpg | https://hlzmzadbygyizbdzhvkb.supabase.co/storage/v1/object/public/product-images/P886430/P886430_2.jpg
M7986M180,BALLIN INC.,A PLIS POLY LAINE,approx,https://hlzmzadbygyizbdzhvkb.supabase.co/storage/v1/object/public/product-images/M7986M180/M7986M180_1.jpg | https://hlzmzadbygyizbdzhvkb.supabase.co/storage/v1/object/public/product-images/M7986M180/M7986M180_2.jpg
X33W,CITADIN CLASSIQUE,A PLIS POLY LAINE EXTENSIBLE,approx,https://hlzmzadbygyizbdzhvkb.supabase.co/storage/v1/object/public/product-images/X33W/X33W_1.jpg | https://hlzmzadbygyizbdzhvkb.supabase.co/storage/v1/object/public/product-images/X33W/X33W_2.jpg
DAXX.WESSON,AU NOIR,A PLIS POLY VISCOSE,exact,https://hlzmzadbygyizbdzhvkb.supabase.co/storage/v1/object/public/product-images/DAXX.WESSON/DAXX.WESSON_1.jpg | https://hlzmzadbygyizbdzhvkb.supabase.co/storage/v1/object/public/product-images/DAXX.WESSON/DAXX.WESSON_2.jpg | https://hlzmzadbygyizbdzhvkb.supabase.co/storage/v1/object/public/product-images/DAXX.WESSON/DAXX.WESSON_3.jpg | https://hlzmzadbygyizbdzhvkb.supabase.co/storage/v1/object/public/product-images/DAXX.WESSON/DAXX.WESSON_4.jpg
MCD155,MCGREGOR HOSIERY MILLS LTD,BAS HABILLE,approx,https://hlzmzadbygyizbdzhvkb.supabase.co/storage/v1/object/public/product-images/MCD155/MCD155_1.jpg | https://hlzmzadbygyizbdzhvkb.supabase.co/storage/v1/object/public/product-images/MCD155/MCD155_2.jpg
MCE141,MCGREGOR HOSIERY MILLS LTD,BAS HABILLE,approx,https://hlzmzadbygyizbdzhvkb.supabase.co/storage/v1/object/public/product-images/MCE141/MCE141_1.jpg | https://hlzmzadbygyizbdzhvkb.supabase.co/storage/v1/object/public/product-images/MCE141/MCE141_2.jpg
6154,THE GREAT CANADIAN SOX CO.,BAS LAINE NYLON SS ELASTIQUE,approx,https://hlzmzadbygyizbdzhvkb.supabase.co/storage/v1/object/public/product-images/6154/6154_1.jpg | https://hlzmzadbygyizbdzhvkb.supabase.co/storage/v1/object/public/product-images/6154/6154_2.jpg
FGA302,PERRI'S CORPORATION,BAS SPORT,exact,https://hlzmzadbygyizbdzhvkb.supabase.co/storage/v1/object/public/product-images/FGA302/FGA302_1.png
AVC301,PERRI'S CORPORATION,BAS SPORT,exact,https://hlzmzadbygyizbdzhvkb.supabase.co/storage/v1/object/public/product-images/AVC301/AVC301_1.png
EPA305,PERRI'S CORPORATION,BAS SPORT,exact,https://hlzmzadbygyizbdzhvkb.supabase.co/storage/v1/object/public/product-images/EPA305/EPA305_1.jpg | https://hlzmzadbygyizbdzhvkb.supabase.co/storage/v1/object/public/product-images/EPA305/EPA305_2.jpg | https://hlzmzadbygyizbdzhvkb.supabase.co/storage/v1/object/public/product-images/EPA305/EPA305_3.jpg | https://hlzmzadbygyizbdzhvkb.supabase.co/storage/v1/object/public/product-images/EPA305/EPA305_4.jpg
U3254C3,UNDER ARMOUR,BAS SPORT,approx,https://hlzmzadbygyizbdzhvkb.supabase.co/storage/v1/object/public/product-images/U3254C3/U3254C3_1.jpg | https://hlzmzadbygyizbdzhvkb.supabase.co/storage/v1/object/public/product-images/U3254C3/U3254C3_2.jpg
KSA303,PERRI'S CORPORATION,BAS SPORT,exact,https://hlzmzadbygyizbdzhvkb.supabase.co/storage/v1/object/public/product-images/KSA303/KSA303_1.jpg | https://hlzmzadbygyizbdzhvkb.supabase.co/storage/v1/object/public/product-images/KSA303/KSA303_2.jpg | https://hlzmzadbygyizbdzhvkb.supabase.co/storage/v1/object/public/product-images/KSA303/KSA303_3.jpg | https://hlzmzadbygyizbdzhvkb.supabase.co/storage/v1/object/public/product-images/KSA303/KSA303_4.jpg
DLC302,PERRI'S CORPORATION,BAS SPORT,exact,https://hlzmzadbygyizbdzhvkb.supabase.co/storage/v1/object/public/product-images/DLC302/DLC302_1.png
TUB301,PERRI'S CORPORATION,BAS SPORT,exact,https://hlzmzadbygyizbdzhvkb.supabase.co/storage/v1/object/public/product-images/TUB301/TUB301_1.png
TRF307,PERRI'S CORPORATION,BAS SPORT,approx,https://hlzmzadbygyizbdzhvkb.supabase.co/storage/v1/object/public/product-images/TRF307/TRF307_1.jpg | https://hlzmzadbygyizbdzhvkb.supabase.co/storage/v1/object/public/product-images/TRF307/TRF307_2.jpg | https://hlzmzadbygyizbdzhvkb.supabase.co/storage/v1/object/public/product-images/TRF307/TRF307_3.jpg
TSD301,PERRI'S CORPORATION,BAS SPORT,exact,https://hlzmzadbygyizbdzhvkb.supabase.co/storage/v1/object/public/product-images/TSD301/TSD301_1.png
PFA307,PERRI'S CORPORATION,BAS SPORT,exact,https://hlzmzadbygyizbdzhvkb.supabase.co/storage/v1/object/public/product-images/PFA307/PFA307_1.jpg | https://hlzmzadbygyizbdzhvkb.supabase.co/storage/v1/object/public/product-images/PFA307/PFA307_2.jpg | https://hlzmzadbygyizbdzhvkb.supabase.co/storage/v1/object/public/product-images/PFA307/PFA307_3.jpg
PFB301,PERRI'S CORPORATION,BAS SPORT,exact,https://hlzmzadbygyizbdzhvkb.supabase.co/storage/v1/object/public/product-images/PFB301/PFB301_1.png
WFF316,PERRI'S CORPORATION,BAS SPORT,exact,https://hlzmzadbygyizbdzhvkb.supabase.co/storage/v1/object/public/product-images/WFF316/WFF316_1.png
GHD306,PERRI'S CORPORATION,BAS SPORT,exact,https://hlzmzadbygyizbdzhvkb.supabase.co/storage/v1/object/public/product-images/GHD306/GHD306_1.jpg | https://hlzmzadbygyizbdzhvkb.supabase.co/storage/v1/object/public/product-images/GHD306/GHD306_2.jpg | https://hlzmzadbygyizbdzhvkb.supabase.co/storage/v1/object/public/product-images/GHD306/GHD306_3.jpg
OZA303,PERRI'S CORPORATION,BAS SPORT,exact,https://hlzmzadbygyizbdzhvkb.supabase.co/storage/v1/object/public/product-images/OZA303/OZA303_1.jpg | https://hlzmzadbygyizbdzhvkb.supabase.co/storage/v1/object/public/product-images/OZA303/OZA303_2.jpg | https://hlzmzadbygyizbdzhvkb.supabase.co/storage/v1/object/public/product-images/OZA303/OZA303_3.jpg
GHD304,PERRI'S CORPORATION,BAS SPORT,exact,https://hlzmzadbygyizbdzhvkb.supabase.co/storage/v1/object/public/product-images/GHD304/GHD304_1.jpg | https://hlzmzadbygyizbdzhvkb.supabase.co/storage/v1/object/public/product-images/GHD304/GHD304_2.jpg | https://hlzmzadbygyizbdzhvkb.supabase.co/storage/v1/object/public/product-images/GHD304/GHD304_3.jpg
GRB301,PERRI'S CORPORATION,BAS SPORT,exact,https://hlzmzadbygyizbdzhvkb.supabase.co/storage/v1/object/public/product-images/GRB301/GRB301_1.png
GRE370,PERRI'S CORPORATION,BAS SPORT,exact,https://hlzmzadbygyizbdzhvkb.supabase.co/storage/v1/object/public/product-images/GRE370/GRE370_1.jpg | https://hlzmzadbygyizbdzhvkb.supabase.co/storage/v1/object/public/product-images/GRE370/GRE370_2.jpg | https://hlzmzadbygyizbdzhvkb.supabase.co/storage/v1/object/public/product-images/GRE370/GRE370_3.jpg
QUB306,PERRI'S CORPORATION,BAS SPORT,exact,https://hlzmzadbygyizbdzhvkb.supabase.co/storage/v1/object/public/product-images/QUB306/QUB306_1.png
ACA303,PERRI'S CORPORATION,BAS SPORT,exact,https://hlzmzadbygyizbdzhvkb.supabase.co/storage/v1/object/public/product-images/ACA303/ACA303_1.jpg | https://hlzmzadbygyizbdzhvkb.supabase.co/storage/v1/object/public/product-images/ACA303/ACA303_2.jpg | https://hlzmzadbygyizbdzhvkb.supabase.co/storage/v1/object/public/product-images/ACA303/ACA303_3.jpg | https://hlzmzadbygyizbdzhvkb.supabase.co/storage/v1/object/public/product-images/ACA303/ACA303_4.jpg
RAF317,PERRI'S CORPORATION,BAS SPORT,exact,https://hlzmzadbygyizbdzhvkb.supabase.co/storage/v1/object/public/product-images/RAF317/RAF317_1.png
MMD135,MCGREGOR HOSIERY MILLS LTD,BAS SPORT,approx,https://hlzmzadbygyizbdzhvkb.supabase.co/storage/v1/object/public/product-images/MMD135/MMD135_1.jpg | https://hlzmzadbygyizbdzhvkb.supabase.co/storage/v1/object/public/product-images/MMD135/MMD135_2.jpg
RSB302,PERRI'S CORPORATION,BAS SPORT,exact,https://hlzmzadbygyizbdzhvkb.supabase.co/storage/v1/object/public/product-images/RSB302/RSB302_1.jpg | https://hlzmzadbygyizbdzhvkb.supabase.co/storage/v1/object/public/product-images/RSB302/RSB302_2.jpg | https://hlzmzadbygyizbdzhvkb.supabase.co/storage/v1/object/public/product-images/RSB302/RSB302_3.jpg
RSB471,PERRI'S CORPORATION,BAS SPORT,approx,https://hlzmzadbygyizbdzhvkb.supabase.co/storage/v1/object/public/product-images/RSB471/RSB471_1.jpg | https://hlzmzadbygyizbdzhvkb.supabase.co/storage/v1/object/public/product-images/RSB471/RSB471_2.jpg | https://hlzmzadbygyizbdzhvkb.supabase.co/storage/v1/object/public/product-images/RSB471/RSB471_3.jpg
FGA305,PERRI'S CORPORATION,BAS SPORT,exact,https://hlzmzadbygyizbdzhvkb.supabase.co/storage/v1/object/public/product-images/FGA305/FGA305_1.jpg | https://hlzmzadbygyizbdzhvkb.supabase.co/storage/v1/object/public/product-images/FGA305/FGA305_2.jpg | https://hlzmzadbygyizbdzhvkb.supabase.co/storage/v1/object/public/product-images/FGA305/FGA305_3.jpg
FGA303,PERRI'S CORPORATION,BAS SPORT,exact,https://hlzmzadbygyizbdzhvkb.supabase.co/storage/v1/object/public/product-images/FGA303/FGA303_1.jpg | https://hlzmzadbygyizbdzhvkb.supabase.co/storage/v1/object/public/product-images/FGA303/FGA303_2.jpg | https://hlzmzadbygyizbdzhvkb.supabase.co/storage/v1/object/public/product-images/FGA303/FGA303_3.jpg | https://hlzmzadbygyizbdzhvkb.supabase.co/storage/v1/object/public/product-images/FGA303/FGA303_4.jpg
SMU002,PERRI'S CORPORATION,BAS SPORT,exact,https://hlzmzadbygyizbdzhvkb.supabase.co/storage/v1/object/public/product-images/SMU002/SMU002_1.png
SMU003,PERRI'S CORPORATION,BAS SPORT,exact,https://hlzmzadbygyizbdzhvkb.supabase.co/storage/v1/object/public/product-images/SMU003/SMU003_1.jpg | https://hlzmzadbygyizbdzhvkb.supabase.co/storage/v1/object/public/product-images/SMU003/SMU003_2.jpg | https://hlzmzadbygyizbdzhvkb.supabase.co/storage/v1/object/public/product-images/SMU003/SMU003_3.jpg | https://hlzmzadbygyizbdzhvkb.supabase.co/storage/v1/object/public/product-images/SMU003/SMU003_4.jpg
PSD108,PERRI'S CORPORATION,BAS SPORT,exact,https://hlzmzadbygyizbdzhvkb.supabase.co/storage/v1/object/public/product-images/PSD108/PSD108_1.png
BTB301,PERRI'S CORPORATION,BAS SPORT,exact,https://hlzmzadbygyizbdzhvkb.supabase.co/storage/v1/object/public/product-images/BTB301/BTB301_1.png
WEE305,PERRI'S CORPORATION,BAS SPORT,exact,https://hlzmzadbygyizbdzhvkb.supabase.co/storage/v1/object/public/product-images/WEE305/WEE305_1.jpg | https://hlzmzadbygyizbdzhvkb.supabase.co/storage/v1/object/public/product-images/WEE305/WEE305_2.jpg | https://hlzmzadbygyizbdzhvkb.supabase.co/storage/v1/object/public/product-images/WEE305/WEE305_3.jpg
WEE301,PERRI'S CORPORATION,BAS SPORT,exact,https://hlzmzadbygyizbdzhvkb.supabase.co/storage/v1/object/public/product-images/WEE301/WEE301_1.png
PSD114,PERRI'S CORPORATION,BAS SPORT,exact,https://hlzmzadbygyizbdzhvkb.supabase.co/storage/v1/object/public/product-images/PSD114/PSD114_1.png
IGF311,PERRI'S CORPORATION,BAS SPORT,approx,https://hlzmzadbygyizbdzhvkb.supabase.co/storage/v1/object/public/product-images/IGF311/IGF311_1.jpg | https://hlzmzadbygyizbdzhvkb.supabase.co/storage/v1/object/public/product-images/IGF311/IGF311_2.jpg | https://hlzmzadbygyizbdzhvkb.supabase.co/storage/v1/object/public/product-images/IGF311/IGF311_3.jpg
IGF373,PERRI'S CORPORATION,BAS SPORT,exact,https://hlzmzadbygyizbdzhvkb.supabase.co/storage/v1/object/public/product-images/IGF373/IGF373_1.png
IMB303,PERRI'S CORPORATION,BAS SPORT,exact,https://hlzmzadbygyizbdzhvkb.supabase.co/storage/v1/object/public/product-images/IMB303/IMB303_1.png
IMC101,PERRI'S CORPORATION,BAS SPORT,exact,https://hlzmzadbygyizbdzhvkb.supabase.co/storage/v1/object/public/product-images/IMC101/IMC101_1.jpg | https://hlzmzadbygyizbdzhvkb.supabase.co/storage/v1/object/public/product-images/IMC101/IMC101_2.jpg | https://hlzmzadbygyizbdzhvkb.supabase.co/storage/v1/object/public/product-images/IMC101/IMC101_3.jpg | https://hlzmzadbygyizbdzhvkb.supabase.co/storage/v1/object/public/product-images/IMC101/IMC101_4.jpg
U3265C3,UNDER ARMOUR,BAS SPORT,approx,https://hlzmzadbygyizbdzhvkb.supabase.co/storage/v1/object/public/product-images/U3265C3/U3265C3_1.jpg | https://hlzmzadbygyizbdzhvkb.supabase.co/storage/v1/object/public/product-images/U3265C3/U3265C3_2.jpg
U3264C3,UNDER ARMOUR,BAS SPORT,approx,https://hlzmzadbygyizbdzhvkb.supabase.co/storage/v1/object/public/product-images/U3264C3/U3264C3_1.jpg | https://hlzmzadbygyizbdzhvkb.supabase.co/storage/v1/object/public/product-images/U3264C3/U3264C3_2.jpg
PSD312,PERRI'S CORPORATION,BAS SPORT,exact,https://hlzmzadbygyizbdzhvkb.supabase.co/storage/v1/object/public/product-images/PSD312/PSD312_1.png
DBC106,PERRI'S CORPORATION,BAS SPORT,exact,https://hlzmzadbygyizbdzhvkb.supabase.co/storage/v1/object/public/product-images/DBC106/DBC106_1.jpg | https://hlzmzadbygyizbdzhvkb.supabase.co/storage/v1/object/public/product-images/DBC106/DBC106_2.jpg | https://hlzmzadbygyizbdzhvkb.supabase.co/storage/v1/object/public/product-images/DBC106/DBC106_3.jpg | https://hlzmzadbygyizbdzhvkb.supabase.co/storage/v1/object/public/product-images/DBC106/DBC106_4.jpg
U3255C3,UNDER ARMOUR,BAS SPORT,approx,https://hlzmzadbygyizbdzhvkb.supabase.co/storage/v1/object/public/product-images/U3255C3/U3255C3_1.jpg | https://hlzmzadbygyizbdzhvkb.supabase.co/storage/v1/object/public/product-images/U3255C3/U3255C3_2.jpg
KSA304,PERRI'S CORPORATION,BAS SPORT,exact,https://hlzmzadbygyizbdzhvkb.supabase.co/storage/v1/object/public/product-images/KSA304/KSA304_1.jpg | https://hlzmzadbygyizbdzhvkb.supabase.co/storage/v1/object/public/product-images/KSA304/KSA304_2.jpg | https://hlzmzadbygyizbdzhvkb.supabase.co/storage/v1/object/public/product-images/KSA304/KSA304_3.jpg
U0845C3,UNDER ARMOUR,BAS SPORT,approx,https://hlzmzadbygyizbdzhvkb.supabase.co/storage/v1/object/public/product-images/U0845C3/U0845C3_1.jpg | https://hlzmzadbygyizbdzhvkb.supabase.co/storage/v1/object/public/product-images/U0845C3/U0845C3_2.jpg
BOC101,PERRI'S CORPORATION,BAS SPORT,exact,https://hlzmzadbygyizbdzhvkb.supabase.co/storage/v1/object/public/product-images/BOC101/BOC101_1.jpg | https://hlzmzadbygyizbdzhvkb.supabase.co/storage/v1/object/public/product-images/BOC101/BOC101_2.jpg | https://hlzmzadbygyizbdzhvkb.supabase.co/storage/v1/object/public/product-images/BOC101/BOC101_3.jpg
BOC301,PERRI'S CORPORATION,BAS SPORT,exact,https://hlzmzadbygyizbdzhvkb.supabase.co/storage/v1/object/public/product-images/BOC301/BOC301_1.jpg | https://hlzmzadbygyizbdzhvkb.supabase.co/storage/v1/object/public/product-images/BOC301/BOC301_2.jpg | https://hlzmzadbygyizbdzhvkb.supabase.co/storage/v1/object/public/product-images/BOC301/BOC301_3.jpg
SIF303,PERRI'S CORPORATION,BAS SPORT,approx,https://hlzmzadbygyizbdzhvkb.supabase.co/storage/v1/object/public/product-images/SIF303/SIF303_1.jpg | https://hlzmzadbygyizbdzhvkb.supabase.co/storage/v1/object/public/product-images/SIF303/SIF303_2.jpg | https://hlzmzadbygyizbdzhvkb.supabase.co/storage/v1/object/public/product-images/SIF303/SIF303_3.jpg
EPA302,PERRI'S CORPORATION,BAS SPORT,exact,https://hlzmzadbygyizbdzhvkb.supabase.co/storage/v1/object/public/product-images/EPA302/EPA302_1.jpg | https://hlzmzadbygyizbdzhvkb.supabase.co/storage/v1/object/public/product-images/EPA302/EPA302_2.jpg | https://hlzmzadbygyizbdzhvkb.supabase.co/storage/v1/object/public/product-images/EPA302/EPA302_3.jpg | https://hlzmzadbygyizbdzhvkb.supabase.co/storage/v1/object/public/product-images/EPA302/EPA302_4.jpg
SLB306,PERRI'S CORPORATION,BAS SPORT,exact,https://hlzmzadbygyizbdzhvkb.supabase.co/storage/v1/object/public/product-images/SLB306/SLB306_1.jpg | https://hlzmzadbygyizbdzhvkb.supabase.co/storage/v1/object/public/product-images/SLB306/SLB306_2.jpg | https://hlzmzadbygyizbdzhvkb.supabase.co/storage/v1/object/public/product-images/SLB306/SLB306_3.jpg
SMU001,PERRI'S CORPORATION,BAS SPORT,exact,https://hlzmzadbygyizbdzhvkb.supabase.co/storage/v1/object/public/product-images/SMU001/SMU001_1.png
3100,DOT-LINE DESING,BAS-BAS SPORT,approx,https://hlzmzadbygyizbdzhvkb.supabase.co/storage/v1/object/public/product-images/3100/3100_1.jpg | https://hlzmzadbygyizbdzhvkb.supabase.co/storage/v1/object/public/product-images/3100/3100_2.jpg
P261323,ALPHI (GARCIA),BERMUDA COTON,exact,https://hlzmzadbygyizbdzhvkb.supabase.co/storage/v1/object/public/product-images/P261323/P261323_1.jpg | https://hlzmzadbygyizbdzhvkb.supabase.co/storage/v1/object/public/product-images/P261323/P261323_2.jpg
20720401,BLEND (DK COMPANY CANADA INC),BERMUDA COTON,exact,https://hlzmzadbygyizbdzhvkb.supabase.co/storage/v1/object/public/product-images/20720401/20720401_1.jpg
05S7BHTP,CITADIN CLASSIQUE,BERMUDA HABILLE,approx,https://hlzmzadbygyizbdzhvkb.supabase.co/storage/v1/object/public/product-images/05S7BHTP/05S7BHTP_1.jpg | https://hlzmzadbygyizbdzhvkb.supabase.co/storage/v1/object/public/product-images/05S7BHTP/05S7BHTP_2.jpg
HOGAN.BAYLINER,AU NOIR,BERMUDA NYLON,exact,https://hlzmzadbygyizbdzhvkb.supabase.co/storage/v1/object/public/product-images/HOGAN.BAYLINER/HOGAN.BAYLINER_1.jpg | https://hlzmzadbygyizbdzhvkb.supabase.co/storage/v1/object/public/product-images/HOGAN.BAYLINER/HOGAN.BAYLINER_2.jpg | https://hlzmzadbygyizbdzhvkb.supabase.co/storage/v1/object/public/product-images/HOGAN.BAYLINER/HOGAN.BAYLINER_3.jpg | https://hlzmzadbygyizbdzhvkb.supabase.co/storage/v1/object/public/product-images/HOGAN.BAYLINER/HOGAN.BAYLINER_4.jpg | https://hlzmzadbygyizbdzhvkb.supabase.co/storage/v1/object/public/product-images/HOGAN.BAYLINER/HOGAN.BAYLINER_5.jpg
04S15BNP,CITADIN CLASSIQUE,BERMUDA POLY,approx,https://hlzmzadbygyizbdzhvkb.supabase.co/storage/v1/object/public/product-images/04S15BNP/04S15BNP_1.jpg | https://hlzmzadbygyizbdzhvkb.supabase.co/storage/v1/object/public/product-images/04S15BNP/04S15BNP_2.jpg
LIMAO.SOLARIS,AU NOIR,BERMUDA POLY,exact,https://hlzmzadbygyizbdzhvkb.supabase.co/storage/v1/object/public/product-images/LIMAO.SOLARIS/LIMAO.SOLARIS_1.jpg | https://hlzmzadbygyizbdzhvkb.supabase.co/storage/v1/object/public/product-images/LIMAO.SOLARIS/LIMAO.SOLARIS_2.jpg | https://hlzmzadbygyizbdzhvkb.supabase.co/storage/v1/object/public/product-images/LIMAO.SOLARIS/LIMAO.SOLARIS_3.jpg | https://hlzmzadbygyizbdzhvkb.supabase.co/storage/v1/object/public/product-images/LIMAO.SOLARIS/LIMAO.SOLARIS_4.jpg | https://hlzmzadbygyizbdzhvkb.supabase.co/storage/v1/object/public/product-images/LIMAO.SOLARIS/LIMAO.SOLARIS_5.jpg
BRACELETS,Mélanie Stones,BIJOUX,exact,https://hlzmzadbygyizbdzhvkb.supabase.co/storage/v1/object/public/product-images/BRACELETS/BRACELETS_1.jpg | https://hlzmzadbygyizbdzhvkb.supabase.co/storage/v1/object/public/product-images/BRACELETS/BRACELETS_2.jpg | https://hlzmzadbygyizbdzhvkb.supabase.co/storage/v1/object/public/product-images/BRACELETS/BRACELETS_3.jpg
94807,JIMMIS CANADA INC.,BODY COTON,approx,https://hlzmzadbygyizbdzhvkb.supabase.co/storage/v1/object/public/product-images/94807/94807_1.jpg | https://hlzmzadbygyizbdzhvkb.supabase.co/storage/v1/object/public/product-images/94807/94807_2.jpg
90381X,JIMMIS CANADA INC.,BODY COTON,approx,https://hlzmzadbygyizbdzhvkb.supabase.co/storage/v1/object/public/product-images/90381X/90381X_1.jpg | https://hlzmzadbygyizbdzhvkb.supabase.co/storage/v1/object/public/product-images/90381X/90381X_2.jpg
88171X,JIMMIS CANADA INC.,BODY COTON LYCRA,approx,https://hlzmzadbygyizbdzhvkb.supabase.co/storage/v1/object/public/product-images/88171X/88171X_1.jpg | https://hlzmzadbygyizbdzhvkb.supabase.co/storage/v1/object/public/product-images/88171X/88171X_2.jpg
08149X,JIMMIS CANADA INC.,BODY COTON LYCRA,approx,https://hlzmzadbygyizbdzhvkb.supabase.co/storage/v1/object/public/product-images/08149X/08149X_1.jpg | https://hlzmzadbygyizbdzhvkb.supabase.co/storage/v1/object/public/product-images/08149X/08149X_2.jpg
90381,JIMMIS CANADA INC.,BODY COTON LYCRA,approx,https://hlzmzadbygyizbdzhvkb.supabase.co/storage/v1/object/public/product-images/90381/90381_1.jpg | https://hlzmzadbygyizbdzhvkb.supabase.co/storage/v1/object/public/product-images/90381/90381_2.jpg
92123,JIMMIS CANADA INC.,BODY MICROFIBRE,approx,https://hlzmzadbygyizbdzhvkb.supabase.co/storage/v1/object/public/product-images/92123/92123_1.jpg | https://hlzmzadbygyizbdzhvkb.supabase.co/storage/v1/object/public/product-images/92123/92123_2.jpg
261.803,THE SURFCAR (DDL INTERNATIONAL,BOMBER,exact,https://hlzmzadbygyizbdzhvkb.supabase.co/storage/v1/object/public/product-images/261.803/261.803_1.jpg | https://hlzmzadbygyizbdzhvkb.supabase.co/storage/v1/object/public/product-images/261.803/261.803_2.jpg
33.161,A FISH NAMED FRED,BOMBER nYLON/POLY,approx,https://hlzmzadbygyizbdzhvkb.supabase.co/storage/v1/object/public/product-images/33.161/33.161_1.jpg | https://hlzmzadbygyizbdzhvkb.supabase.co/storage/v1/object/public/product-images/33.161/33.161_2.jpg | https://hlzmzadbygyizbdzhvkb.supabase.co/storage/v1/object/public/product-images/33.161/33.161_3.jpg
26062,A2Z,BOTTE SPORT,approx,https://hlzmzadbygyizbdzhvkb.supabase.co/storage/v1/object/public/product-images/26062/26062_1.jpg | https://hlzmzadbygyizbdzhvkb.supabase.co/storage/v1/object/public/product-images/26062/26062_2.jpg
20720431,BLEND (DK COMPANY CANADA INC),BOUT. COTON,exact,https://hlzmzadbygyizbdzhvkb.supabase.co/storage/v1/object/public/product-images/20720431/20720431_1.jpg | https://hlzmzadbygyizbdzhvkb.supabase.co/storage/v1/object/public/product-images/20720431/20720431_2.jpg | https://hlzmzadbygyizbdzhvkb.supabase.co/storage/v1/object/public/product-images/20720431/20720431_3.jpg | https://hlzmzadbygyizbdzhvkb.supabase.co/storage/v1/object/public/product-images/20720431/20720431_4.jpg
61.3624,FELLOWS,BOUT. COTON,exact,https://hlzmzadbygyizbdzhvkb.supabase.co/storage/v1/object/public/product-images/61.3624/61.3624_1.jpg | https://hlzmzadbygyizbdzhvkb.supabase.co/storage/v1/object/public/product-images/61.3624/61.3624_2.jpg
61.3627,FELLOWS,BOUT. COTON,exact,https://hlzmzadbygyizbdzhvkb.supabase.co/storage/v1/object/public/product-images/61.3627/61.3627_1.jpg | https://hlzmzadbygyizbdzhvkb.supabase.co/storage/v1/object/public/product-images/61.3627/61.3627_2.jpg
GLEN,AU NOIR,BOUT. COTON,exact,https://hlzmzadbygyizbdzhvkb.supabase.co/storage/v1/object/public/product-images/GLEN/GLEN_1.jpg | https://hlzmzadbygyizbdzhvkb.supabase.co/storage/v1/object/public/product-images/GLEN/GLEN_2.jpg | https://hlzmzadbygyizbdzhvkb.supabase.co/storage/v1/object/public/product-images/GLEN/GLEN_3.jpg | https://hlzmzadbygyizbdzhvkb.supabase.co/storage/v1/object/public/product-images/GLEN/GLEN_4.jpg
20505091,CASUAL FRIDAY ( DKV COMPANY),BOUT. COTON,exact,https://hlzmzadbygyizbdzhvkb.supabase.co/storage/v1/object/public/product-images/20505091/20505091_1.jpg | https://hlzmzadbygyizbdzhvkb.supabase.co/storage/v1/object/public/product-images/20505091/20505091_2.jpg | https://hlzmzadbygyizbdzhvkb.supabase.co/storage/v1/object/public/product-images/20505091/20505091_3.jpg | https://hlzmzadbygyizbdzhvkb.supabase.co/storage/v1/object/public/product-images/20505091/20505091_4.jpg
VERO,AU NOIR,BOUT. COTON,approx,https://hlzmzadbygyizbdzhvkb.supabase.co/storage/v1/object/public/product-images/VERO/VERO_1.jpg | https://hlzmzadbygyizbdzhvkb.supabase.co/storage/v1/object/public/product-images/VERO/VERO_2.jpg | https://hlzmzadbygyizbdzhvkb.supabase.co/storage/v1/object/public/product-images/VERO/VERO_3.jpg
KAAN,AU NOIR,BOUT. COTON,exact,https://hlzmzadbygyizbdzhvkb.supabase.co/storage/v1/object/public/product-images/KAAN/KAAN_1.jpg | https://hlzmzadbygyizbdzhvkb.supabase.co/storage/v1/object/public/product-images/KAAN/KAAN_2.jpg | https://hlzmzadbygyizbdzhvkb.supabase.co/storage/v1/object/public/product-images/KAAN/KAAN_3.jpg | https://hlzmzadbygyizbdzhvkb.supabase.co/storage/v1/object/public/product-images/KAAN/KAAN_4.jpg | https://hlzmzadbygyizbdzhvkb.supabase.co/storage/v1/object/public/product-images/KAAN/KAAN_5.jpg
TIDEPOOL,AU NOIR,BOUT. COTON,exact,https://hlzmzadbygyizbdzhvkb.supabase.co/storage/v1/object/public/product-images/TIDEPOOL/TIDEPOOL_1.jpg | https://hlzmzadbygyizbdzhvkb.supabase.co/storage/v1/object/public/product-images/TIDEPOOL/TIDEPOOL_2.jpg | https://hlzmzadbygyizbdzhvkb.supabase.co/storage/v1/object/public/product-images/TIDEPOOL/TIDEPOOL_3.jpg | https://hlzmzadbygyizbdzhvkb.supabase.co/storage/v1/object/public/product-images/TIDEPOOL/TIDEPOOL_4.jpg
HIVA,AU NOIR,BOUT. COTON,exact,https://hlzmzadbygyizbdzhvkb.supabase.co/storage/v1/object/public/product-images/HIVA/HIVA_1.jpg | https://hlzmzadbygyizbdzhvkb.supabase.co/storage/v1/object/public/product-images/HIVA/HIVA_2.jpg | https://hlzmzadbygyizbdzhvkb.supabase.co/storage/v1/object/public/product-images/HIVA/HIVA_3.jpg | https://hlzmzadbygyizbdzhvkb.supabase.co/storage/v1/object/public/product-images/HIVA/HIVA_4.jpg | https://hlzmzadbygyizbdzhvkb.supabase.co/storage/v1/object/public/product-images/HIVA/HIVA_5.jpg
61.2102,FELLOWS,BOUT. COTON,exact,https://hlzmzadbygyizbdzhvkb.supabase.co/storage/v1/object/public/product-images/61.2102/61.2102_1.jpg
SUMATRAN,AU NOIR,BOUT. COTON,exact,https://hlzmzadbygyizbdzhvkb.supabase.co/storage/v1/object/public/product-images/SUMATRAN/SUMATRAN_1.jpg | https://hlzmzadbygyizbdzhvkb.supabase.co/storage/v1/object/public/product-images/SUMATRAN/SUMATRAN_2.jpg
Z1033,ALPHI (GARCIA),BOUT. COTON,exact,https://hlzmzadbygyizbdzhvkb.supabase.co/storage/v1/object/public/product-images/Z1033/Z1033_1.jpg | https://hlzmzadbygyizbdzhvkb.supabase.co/storage/v1/object/public/product-images/Z1033/Z1033_2.jpg | https://hlzmzadbygyizbdzhvkb.supabase.co/storage/v1/object/public/product-images/Z1033/Z1033_3.jpg
YUCATAN,AU NOIR,BOUT. COTON,exact,https://hlzmzadbygyizbdzhvkb.supabase.co/storage/v1/object/public/product-images/YUCATAN/YUCATAN_1.jpg | https://hlzmzadbygyizbdzhvkb.supabase.co/storage/v1/object/public/product-images/YUCATAN/YUCATAN_2.jpg
SEACLIFF,AU NOIR,BOUT. COTON,exact,https://hlzmzadbygyizbdzhvkb.supabase.co/storage/v1/object/public/product-images/SEACLIFF/SEACLIFF_1.jpg | https://hlzmzadbygyizbdzhvkb.supabase.co/storage/v1/object/public/product-images/SEACLIFF/SEACLIFF_2.jpg | https://hlzmzadbygyizbdzhvkb.supabase.co/storage/v1/object/public/product-images/SEACLIFF/SEACLIFF_3.jpg | https://hlzmzadbygyizbdzhvkb.supabase.co/storage/v1/object/public/product-images/SEACLIFF/SEACLIFF_4.jpg | https://hlzmzadbygyizbdzhvkb.supabase.co/storage/v1/object/public/product-images/SEACLIFF/SEACLIFF_5.jpg
261.44014,MONTE CARLO (M D Import),BOUT. COTON,approx,https://hlzmzadbygyizbdzhvkb.supabase.co/storage/v1/object/public/product-images/261.44014/261.44014_1.jpg | https://hlzmzadbygyizbdzhvkb.supabase.co/storage/v1/object/public/product-images/261.44014/261.44014_2.jpg
261.44114,MONTE CARLO (M D Import),BOUT. COTON,approx,https://hlzmzadbygyizbdzhvkb.supabase.co/storage/v1/object/public/product-images/261.44114/261.44114_1.jpg | https://hlzmzadbygyizbdzhvkb.supabase.co/storage/v1/object/public/product-images/261.44114/261.44114_2.jpg
261.631,THE SURFCAR (DDL INTERNATIONAL,BOUT. COTON,approx,https://hlzmzadbygyizbdzhvkb.supabase.co/storage/v1/object/public/product-images/261.631/261.631_1.jpg | https://hlzmzadbygyizbdzhvkb.supabase.co/storage/v1/object/public/product-images/261.631/261.631_2.jpg
26CN118,N-Z-A-  (MKimpton Inc.),BOUT. COTON,exact,https://hlzmzadbygyizbdzhvkb.supabase.co/storage/v1/object/public/product-images/26CN118/26CN118_1.jpg | https://hlzmzadbygyizbdzhvkb.supabase.co/storage/v1/object/public/product-images/26CN118/26CN118_2.jpg | https://hlzmzadbygyizbdzhvkb.supabase.co/storage/v1/object/public/product-images/26CN118/26CN118_3.jpg
26CN150,N-Z-A-  (MKimpton Inc.),BOUT. COTON,exact,https://hlzmzadbygyizbdzhvkb.supabase.co/storage/v1/object/public/product-images/26CN150/26CN150_1.jpg | https://hlzmzadbygyizbdzhvkb.supabase.co/storage/v1/object/public/product-images/26CN150/26CN150_2.jpg
261.608,THE SURFCAR (DDL INTERNATIONAL,BOUT. COTON,exact,https://hlzmzadbygyizbdzhvkb.supabase.co/storage/v1/object/public/product-images/261.608/261.608_1.jpg | https://hlzmzadbygyizbdzhvkb.supabase.co/storage/v1/object/public/product-images/261.608/261.608_2.jpg
RAINBLOOM,AU NOIR,BOUT. COTON,exact,https://hlzmzadbygyizbdzhvkb.supabase.co/storage/v1/object/public/product-images/RAINBLOOM/RAINBLOOM_1.jpg | https://hlzmzadbygyizbdzhvkb.supabase.co/storage/v1/object/public/product-images/RAINBLOOM/RAINBLOOM_2.jpg
26CN131,N-Z-A-  (MKimpton Inc.),BOUT. COTON,exact,https://hlzmzadbygyizbdzhvkb.supabase.co/storage/v1/object/public/product-images/26CN131/26CN131_1.jpg | https://hlzmzadbygyizbdzhvkb.supabase.co/storage/v1/object/public/product-images/26CN131/26CN131_2.jpg | https://hlzmzadbygyizbdzhvkb.supabase.co/storage/v1/object/public/product-images/26CN131/26CN131_3.jpg
33.309,A FISH NAMED FRED,BOUT. COTON,approx,https://hlzmzadbygyizbdzhvkb.supabase.co/storage/v1/object/public/product-images/33.309/33.309_1.jpg | https://hlzmzadbygyizbdzhvkb.supabase.co/storage/v1/object/public/product-images/33.309/33.309_2.jpg | https://hlzmzadbygyizbdzhvkb.supabase.co/storage/v1/object/public/product-images/33.309/33.309_3.jpg
P61221,ALPHI (GARCIA),BOUT. COTON,exact,https://hlzmzadbygyizbdzhvkb.supabase.co/storage/v1/object/public/product-images/P61221/P61221_1.jpg
EAGLE,AU NOIR,BOUT. COTON,exact,https://hlzmzadbygyizbdzhvkb.supabase.co/storage/v1/object/public/product-images/EAGLE/EAGLE_1.jpg | https://hlzmzadbygyizbdzhvkb.supabase.co/storage/v1/object/public/product-images/EAGLE/EAGLE_2.jpg | https://hlzmzadbygyizbdzhvkb.supabase.co/storage/v1/object/public/product-images/EAGLE/EAGLE_3.jpg | https://hlzmzadbygyizbdzhvkb.supabase.co/storage/v1/object/public/product-images/EAGLE/EAGLE_4.jpg | https://hlzmzadbygyizbdzhvkb.supabase.co/storage/v1/object/public/product-images/EAGLE/EAGLE_5.jpg
ZAGORA,AU NOIR,BOUT. COTON/POLY,exact,https://hlzmzadbygyizbdzhvkb.supabase.co/storage/v1/object/public/product-images/ZAGORA/ZAGORA_1.jpg | https://hlzmzadbygyizbdzhvkb.supabase.co/storage/v1/object/public/product-images/ZAGORA/ZAGORA_2.jpg | https://hlzmzadbygyizbdzhvkb.supabase.co/storage/v1/object/public/product-images/ZAGORA/ZAGORA_3.jpg | https://hlzmzadbygyizbdzhvkb.supabase.co/storage/v1/object/public/product-images/ZAGORA/ZAGORA_4.jpg
MOJAVE,AU NOIR,BOUT. COTON/POLY,exact,https://hlzmzadbygyizbdzhvkb.supabase.co/storage/v1/object/public/product-images/MOJAVE/MOJAVE_1.jpg | https://hlzmzadbygyizbdzhvkb.supabase.co/storage/v1/object/public/product-images/MOJAVE/MOJAVE_2.jpg | https://hlzmzadbygyizbdzhvkb.supabase.co/storage/v1/object/public/product-images/MOJAVE/MOJAVE_3.jpg | https://hlzmzadbygyizbdzhvkb.supabase.co/storage/v1/object/public/product-images/MOJAVE/MOJAVE_4.jpg | https://hlzmzadbygyizbdzhvkb.supabase.co/storage/v1/object/public/product-images/MOJAVE/MOJAVE_5.jpg
261.44864,MONTE CARLO (M D Import),BOUT. COTON/POLY,approx,https://hlzmzadbygyizbdzhvkb.supabase.co/storage/v1/object/public/product-images/261.44864/261.44864_1.jpg | https://hlzmzadbygyizbdzhvkb.supabase.co/storage/v1/object/public/product-images/261.44864/261.44864_2.jpg
PUNTAGORIDA,AU NOIR,BOUT. COTON/POLY,approx,https://hlzmzadbygyizbdzhvkb.supabase.co/storage/v1/object/public/product-images/PUNTAGORIDA/PUNTAGORIDA_1.jpg | https://hlzmzadbygyizbdzhvkb.supabase.co/storage/v1/object/public/product-images/PUNTAGORIDA/PUNTAGORIDA_2.jpg | https://hlzmzadbygyizbdzhvkb.supabase.co/storage/v1/object/public/product-images/PUNTAGORIDA/PUNTAGORIDA_3.jpg
261.44854,MONTE CARLO (M D Import),BOUT. COTON/POLY,approx,https://hlzmzadbygyizbdzhvkb.supabase.co/storage/v1/object/public/product-images/261.44854/261.44854_1.jpg | https://hlzmzadbygyizbdzhvkb.supabase.co/storage/v1/object/public/product-images/261.44854/261.44854_2.jpg
20720439,BLEND (DK COMPANY CANADA INC),BOUT. POLY COTON,exact,https://hlzmzadbygyizbdzhvkb.supabase.co/storage/v1/object/public/product-images/20720439/20720439_1.jpg | https://hlzmzadbygyizbdzhvkb.supabase.co/storage/v1/object/public/product-images/20720439/20720439_2.jpg | https://hlzmzadbygyizbdzhvkb.supabase.co/storage/v1/object/public/product-images/20720439/20720439_3.jpg
CB95FGVC,MICHAEL KORS,BOUT. POLY COTON,exact,https://hlzmzadbygyizbdzhvkb.supabase.co/storage/v1/object/public/product-images/CB95FGVC/CB95FGVC_1.jpg | https://hlzmzadbygyizbdzhvkb.supabase.co/storage/v1/object/public/product-images/CB95FGVC/CB95FGVC_2.jpg
CL.357,KNOTZ,BOUTON DE MANCHETTES,approx,https://hlzmzadbygyizbdzhvkb.supabase.co/storage/v1/object/public/product-images/CL.357/CL.357_1.jpg | https://hlzmzadbygyizbdzhvkb.supabase.co/storage/v1/object/public/product-images/CL.357/CL.357_2.jpg
CL.349,KNOTZ,BOUTON DE MANCHETTES,approx,https://hlzmzadbygyizbdzhvkb.supabase.co/storage/v1/object/public/product-images/CL.349/CL.349_1.jpg | https://hlzmzadbygyizbdzhvkb.supabase.co/storage/v1/object/public/product-images/CL.349/CL.349_2.jpg
CL.345,KNOTZ,BOUTON DE MANCHETTES,approx,https://hlzmzadbygyizbdzhvkb.supabase.co/storage/v1/object/public/product-images/CL.345/CL.345_1.jpg | https://hlzmzadbygyizbdzhvkb.supabase.co/storage/v1/object/public/product-images/CL.345/CL.345_2.jpg
TB.637,KNOTZ,BOUTON DE MANCHETTES,exact,https://hlzmzadbygyizbdzhvkb.supabase.co/storage/v1/object/public/product-images/TB.637/TB.637_1.jpg
TB.635,KNOTZ,BOUTON DE MANCHETTES,exact,https://hlzmzadbygyizbdzhvkb.supabase.co/storage/v1/object/public/product-images/TB.635/TB.635_1.jpg | https://hlzmzadbygyizbdzhvkb.supabase.co/storage/v1/object/public/product-images/TB.635/TB.635_2.jpg
TB.1623,KNOTZ,BOUTON DE MANCHETTES,approx,https://hlzmzadbygyizbdzhvkb.supabase.co/storage/v1/object/public/product-images/TB.1623/TB.1623_1.jpg | https://hlzmzadbygyizbdzhvkb.supabase.co/storage/v1/object/public/product-images/TB.1623/TB.1623_2.jpg
TB.1622,KNOTZ,BOUTON DE MANCHETTES,approx,https://hlzmzadbygyizbdzhvkb.supabase.co/storage/v1/object/public/product-images/TB.1622/TB.1622_1.jpg | https://hlzmzadbygyizbdzhvkb.supabase.co/storage/v1/object/public/product-images/TB.1622/TB.1622_2.jpg
TB.1615,KNOTZ,BOUTON DE MANCHETTES,approx,https://hlzmzadbygyizbdzhvkb.supabase.co/storage/v1/object/public/product-images/TB.1615/TB.1615_1.jpg | https://hlzmzadbygyizbdzhvkb.supabase.co/storage/v1/object/public/product-images/TB.1615/TB.1615_2.jpg
CLF.353,KNOTZ,BOUTON DE MANCHETTES,approx,https://hlzmzadbygyizbdzhvkb.supabase.co/storage/v1/object/public/product-images/CLF.353/CLF.353_1.jpg | https://hlzmzadbygyizbdzhvkb.supabase.co/storage/v1/object/public/product-images/CLF.353/CLF.353_2.jpg
261BG,F.O.G.I. OF CANADA,BOUTON DE MANCHETTES,exact,https://hlzmzadbygyizbdzhvkb.supabase.co/storage/v1/object/public/product-images/261BG/261BG_1.jpg | https://hlzmzadbygyizbdzhvkb.supabase.co/storage/v1/object/public/product-images/261BG/261BG_2.jpg | https://hlzmzadbygyizbdzhvkb.supabase.co/storage/v1/object/public/product-images/261BG/261BG_3.jpg
92537,JIMMIS CANADA INC.,BOXER,approx,https://hlzmzadbygyizbdzhvkb.supabase.co/storage/v1/object/public/product-images/92537/92537_1.jpg | https://hlzmzadbygyizbdzhvkb.supabase.co/storage/v1/object/public/product-images/92537/92537_2.jpg
1939,DISTRIBUTION RITCHI,BOXER COTON,approx,https://hlzmzadbygyizbdzhvkb.supabase.co/storage/v1/object/public/product-images/1939/1939_1.jpg | https://hlzmzadbygyizbdzhvkb.supabase.co/storage/v1/object/public/product-images/1939/1939_2.jpg
SXBB29,SAXX,BOXER COTON,exact,https://hlzmzadbygyizbdzhvkb.supabase.co/storage/v1/object/public/product-images/SXBB29/SXBB29_1.jpg | https://hlzmzadbygyizbdzhvkb.supabase.co/storage/v1/object/public/product-images/SXBB29/SXBB29_2.jpg | https://hlzmzadbygyizbdzhvkb.supabase.co/storage/v1/object/public/product-images/SXBB29/SXBB29_3.jpg | https://hlzmzadbygyizbdzhvkb.supabase.co/storage/v1/object/public/product-images/SXBB29/SXBB29_4.jpg
94803,JIMMIS CANADA INC.,BOXER COTON,approx,https://hlzmzadbygyizbdzhvkb.supabase.co/storage/v1/object/public/product-images/94803/94803_1.jpg | https://hlzmzadbygyizbdzhvkb.supabase.co/storage/v1/object/public/product-images/94803/94803_2.jpg
12079686,BEST SELLER (JACK N JONES),BOXER COTON,approx,https://hlzmzadbygyizbdzhvkb.supabase.co/storage/v1/object/public/product-images/12079686/12079686_1.jpg | https://hlzmzadbygyizbdzhvkb.supabase.co/storage/v1/object/public/product-images/12079686/12079686_2.jpg
1970,DISTRIBUTION RITCHI,BOXER COTON,approx,https://hlzmzadbygyizbdzhvkb.supabase.co/storage/v1/object/public/product-images/1970/1970_1.jpg | https://hlzmzadbygyizbdzhvkb.supabase.co/storage/v1/object/public/product-images/1970/1970_2.jpg
1941,RICHTER INTERNATIONAL,BOXER COTON,approx,https://hlzmzadbygyizbdzhvkb.supabase.co/storage/v1/object/public/product-images/1941/1941_1.jpg | https://hlzmzadbygyizbdzhvkb.supabase.co/storage/v1/object/public/product-images/1941/1941_2.jpg
1938,DISTRIBUTION RITCHI,BOXER COTON,approx,https://hlzmzadbygyizbdzhvkb.supabase.co/storage/v1/object/public/product-images/1938/1938_1.jpg | https://hlzmzadbygyizbdzhvkb.supabase.co/storage/v1/object/public/product-images/1938/1938_2.jpg
6H9844.52,LACOSTE,BOXER COTON,approx,https://hlzmzadbygyizbdzhvkb.supabase.co/storage/v1/object/public/product-images/6H9844.52/6H9844.52_1.jpg | https://hlzmzadbygyizbdzhvkb.supabase.co/storage/v1/object/public/product-images/6H9844.52/6H9844.52_2.jpg
1937R,DISTRIBUTION RITCHI,BOXER COTON,exact,https://hlzmzadbygyizbdzhvkb.supabase.co/storage/v1/object/public/product-images/1937R/1937R_1.jpg | https://hlzmzadbygyizbdzhvkb.supabase.co/storage/v1/object/public/product-images/1937R/1937R_2.jpg | https://hlzmzadbygyizbdzhvkb.supabase.co/storage/v1/object/public/product-images/1937R/1937R_3.jpg
94808,JIMMIS CANADA INC.,BOXER COTON,approx,https://hlzmzadbygyizbdzhvkb.supabase.co/storage/v1/object/public/product-images/94808/94808_1.jpg | https://hlzmzadbygyizbdzhvkb.supabase.co/storage/v1/object/public/product-images/94808/94808_2.jpg
HB317,LE DERNIER MEC,BOXER COTON,approx,https://hlzmzadbygyizbdzhvkb.supabase.co/storage/v1/object/public/product-images/HB317/HB317_1.jpg | https://hlzmzadbygyizbdzhvkb.supabase.co/storage/v1/object/public/product-images/HB317/HB317_2.jpg
92517,JIMMIS CANADA INC.,BOXER COTON LYCRA,approx,https://hlzmzadbygyizbdzhvkb.supabase.co/storage/v1/object/public/product-images/92517/92517_1.jpg | https://hlzmzadbygyizbdzhvkb.supabase.co/storage/v1/object/public/product-images/92517/92517_2.jpg
90327,JIMMIS CANADA INC.,BOXER COTON MODAL,approx,https://hlzmzadbygyizbdzhvkb.supabase.co/storage/v1/object/public/product-images/90327/90327_1.jpg | https://hlzmzadbygyizbdzhvkb.supabase.co/storage/v1/object/public/product-images/90327/90327_2.jpg
92179,JIMMIS CANADA INC.,BOXER MICROFIBRE,approx,https://hlzmzadbygyizbdzhvkb.supabase.co/storage/v1/object/public/product-images/92179/92179_1.jpg | https://hlzmzadbygyizbdzhvkb.supabase.co/storage/v1/object/public/product-images/92179/92179_2.jpg
90637,JIMMIS CANADA INC.,BOXER MICROFIBRE,approx,https://hlzmzadbygyizbdzhvkb.supabase.co/storage/v1/object/public/product-images/90637/90637_1.jpg | https://hlzmzadbygyizbdzhvkb.supabase.co/storage/v1/object/public/product-images/90637/90637_2.jpg
92181,JIMMIS CANADA INC.,BOXER MICROFIBRE,approx,https://hlzmzadbygyizbdzhvkb.supabase.co/storage/v1/object/public/product-images/92181/92181_1.jpg | https://hlzmzadbygyizbdzhvkb.supabase.co/storage/v1/object/public/product-images/92181/92181_2.jpg
1926R,DISTRIBUTION RITCHI,BOXER MICROFIBRE,exact,https://hlzmzadbygyizbdzhvkb.supabase.co/storage/v1/object/public/product-images/1926R/1926R_1.jpg | https://hlzmzadbygyizbdzhvkb.supabase.co/storage/v1/object/public/product-images/1926R/1926R_2.jpg | https://hlzmzadbygyizbdzhvkb.supabase.co/storage/v1/object/public/product-images/1926R/1926R_3.jpg
93007,JIMMIS CANADA INC.,BOXER MICROFIBRE,approx,https://hlzmzadbygyizbdzhvkb.supabase.co/storage/v1/object/public/product-images/93007/93007_1.jpg | https://hlzmzadbygyizbdzhvkb.supabase.co/storage/v1/object/public/product-images/93007/93007_2.jpg
90437,JIMMIS CANADA INC.,BOXER MICROFIBRE,approx,https://hlzmzadbygyizbdzhvkb.supabase.co/storage/v1/object/public/product-images/90437/90437_1.jpg | https://hlzmzadbygyizbdzhvkb.supabase.co/storage/v1/object/public/product-images/90437/90437_2.jpg
1936R,DISTRIBUTION RITCHI,BOXER MICROFIBRE,exact,https://hlzmzadbygyizbdzhvkb.supabase.co/storage/v1/object/public/product-images/1936R/1936R_1.jpg | https://hlzmzadbygyizbdzhvkb.supabase.co/storage/v1/object/public/product-images/1936R/1936R_2.jpg | https://hlzmzadbygyizbdzhvkb.supabase.co/storage/v1/object/public/product-images/1936R/1936R_3.jpg
90457,JIMMIS CANADA INC.,BOXER MICROFIBRE,approx,https://hlzmzadbygyizbdzhvkb.supabase.co/storage/v1/object/public/product-images/90457/90457_1.jpg | https://hlzmzadbygyizbdzhvkb.supabase.co/storage/v1/object/public/product-images/90457/90457_2.jpg
90447,JIMMIS CANADA INC.,BOXER MICROFIBRE,approx,https://hlzmzadbygyizbdzhvkb.supabase.co/storage/v1/object/public/product-images/90447/90447_1.jpg | https://hlzmzadbygyizbdzhvkb.supabase.co/storage/v1/object/public/product-images/90447/90447_2.jpg
907175,DISTRIBUTION RITCHI,BOXER MICROFIBRE,exact,https://hlzmzadbygyizbdzhvkb.supabase.co/storage/v1/object/public/product-images/907175/907175_1.jpg | https://hlzmzadbygyizbdzhvkb.supabase.co/storage/v1/object/public/product-images/907175/907175_2.jpg | https://hlzmzadbygyizbdzhvkb.supabase.co/storage/v1/object/public/product-images/907175/907175_3.jpg
SXBM35,SAXX,BOXER MICROFIBRE,exact,https://hlzmzadbygyizbdzhvkb.supabase.co/storage/v1/object/public/product-images/SXBM35/SXBM35_1.jpg | https://hlzmzadbygyizbdzhvkb.supabase.co/storage/v1/object/public/product-images/SXBM35/SXBM35_2.jpg | https://hlzmzadbygyizbdzhvkb.supabase.co/storage/v1/object/public/product-images/SXBM35/SXBM35_3.jpg | https://hlzmzadbygyizbdzhvkb.supabase.co/storage/v1/object/public/product-images/SXBM35/SXBM35_4.jpg
HB319,LE DERNIER MEC,BOXER POLY COTON,approx,https://hlzmzadbygyizbdzhvkb.supabase.co/storage/v1/object/public/product-images/HB319/HB319_1.jpg | https://hlzmzadbygyizbdzhvkb.supabase.co/storage/v1/object/public/product-images/HB319/HB319_2.jpg
SXBB30F,SAXX,BOXER POLY COTON,exact,https://hlzmzadbygyizbdzhvkb.supabase.co/storage/v1/object/public/product-images/SXBB30F/SXBB30F_1.jpg | https://hlzmzadbygyizbdzhvkb.supabase.co/storage/v1/object/public/product-images/SXBB30F/SXBB30F_2.jpg | https://hlzmzadbygyizbdzhvkb.supabase.co/storage/v1/object/public/product-images/SXBB30F/SXBB30F_3.jpg | https://hlzmzadbygyizbdzhvkb.supabase.co/storage/v1/object/public/product-images/SXBB30F/SXBB30F_4.jpg
SXPP2V,SAXX,BOXER POLY COTON,exact,https://hlzmzadbygyizbdzhvkb.supabase.co/storage/v1/object/public/product-images/SXPP2V/SXPP2V_1.jpg | https://hlzmzadbygyizbdzhvkb.supabase.co/storage/v1/object/public/product-images/SXPP2V/SXPP2V_2.jpg | https://hlzmzadbygyizbdzhvkb.supabase.co/storage/v1/object/public/product-images/SXPP2V/SXPP2V_3.jpg | https://hlzmzadbygyizbdzhvkb.supabase.co/storage/v1/object/public/product-images/SXPP2V/SXPP2V_4.jpg
PP0020,DOT LINE DESIGN,BOXER POLY/ELASTANE,approx,https://hlzmzadbygyizbdzhvkb.supabase.co/storage/v1/object/public/product-images/PP0020/PP0020_1.jpg | https://hlzmzadbygyizbdzhvkb.supabase.co/storage/v1/object/public/product-images/PP0020/PP0020_2.jpg
PP0016,DOT LINE DESIGN,BOXER POLY/ELASTANE,exact,https://hlzmzadbygyizbdzhvkb.supabase.co/storage/v1/object/public/product-images/PP0016/PP0016_1.jpg | https://hlzmzadbygyizbdzhvkb.supabase.co/storage/v1/object/public/product-images/PP0016/PP0016_2.jpg | https://hlzmzadbygyizbdzhvkb.supabase.co/storage/v1/object/public/product-images/PP0016/PP0016_3.jpg
SXBB70F,SAXX,BOXER POLY/ELASTANE,exact,https://hlzmzadbygyizbdzhvkb.supabase.co/storage/v1/object/public/product-images/SXBB70F/SXBB70F_1.jpg | https://hlzmzadbygyizbdzhvkb.supabase.co/storage/v1/object/public/product-images/SXBB70F/SXBB70F_2.jpg | https://hlzmzadbygyizbdzhvkb.supabase.co/storage/v1/object/public/product-images/SXBB70F/SXBB70F_3.jpg | https://hlzmzadbygyizbdzhvkb.supabase.co/storage/v1/object/public/product-images/SXBB70F/SXBB70F_4.jpg
SXBB32,SAXX,BOXER POLY/ELASTANE,exact,https://hlzmzadbygyizbdzhvkb.supabase.co/storage/v1/object/public/product-images/SXBB32/SXBB32_1.jpg | https://hlzmzadbygyizbdzhvkb.supabase.co/storage/v1/object/public/product-images/SXBB32/SXBB32_2.jpg | https://hlzmzadbygyizbdzhvkb.supabase.co/storage/v1/object/public/product-images/SXBB32/SXBB32_3.jpg | https://hlzmzadbygyizbdzhvkb.supabase.co/storage/v1/object/public/product-images/SXBB32/SXBB32_4.jpg
PP0017,DOT LINE DESIGN,BOXER POLY/ELASTANE,exact,https://hlzmzadbygyizbdzhvkb.supabase.co/storage/v1/object/public/product-images/PP0017/PP0017_1.jpg | https://hlzmzadbygyizbdzhvkb.supabase.co/storage/v1/object/public/product-images/PP0017/PP0017_2.jpg | https://hlzmzadbygyizbdzhvkb.supabase.co/storage/v1/object/public/product-images/PP0017/PP0017_3.jpg
PP0022,DOT LINE DESIGN,BOXER POLY/ELASTANE,exact,https://hlzmzadbygyizbdzhvkb.supabase.co/storage/v1/object/public/product-images/PP0022/PP0022_1.jpg | https://hlzmzadbygyizbdzhvkb.supabase.co/storage/v1/object/public/product-images/PP0022/PP0022_2.jpg | https://hlzmzadbygyizbdzhvkb.supabase.co/storage/v1/object/public/product-images/PP0022/PP0022_3.jpg
PP0023,DOT LINE DESIGN,BOXER POLY/ELASTANE,exact,https://hlzmzadbygyizbdzhvkb.supabase.co/storage/v1/object/public/product-images/PP0023/PP0023_1.jpg | https://hlzmzadbygyizbdzhvkb.supabase.co/storage/v1/object/public/product-images/PP0023/PP0023_2.jpg | https://hlzmzadbygyizbdzhvkb.supabase.co/storage/v1/object/public/product-images/PP0023/PP0023_3.jpg
PS001,DOT LINE DESIGN,BOXER POLY/ELASTANE,exact,https://hlzmzadbygyizbdzhvkb.supabase.co/storage/v1/object/public/product-images/PS001/PS001_1.jpg | https://hlzmzadbygyizbdzhvkb.supabase.co/storage/v1/object/public/product-images/PS001/PS001_2.jpg | https://hlzmzadbygyizbdzhvkb.supabase.co/storage/v1/object/public/product-images/PS001/PS001_3.jpg
PS0011,DOT LINE DESIGN,BOXER POLY/ELASTANE,approx,https://hlzmzadbygyizbdzhvkb.supabase.co/storage/v1/object/public/product-images/PS0011/PS0011_1.jpg | https://hlzmzadbygyizbdzhvkb.supabase.co/storage/v1/object/public/product-images/PS0011/PS0011_2.jpg
PS006,DOT LINE DESIGN,BOXER POLY/ELASTANE,exact,https://hlzmzadbygyizbdzhvkb.supabase.co/storage/v1/object/public/product-images/PS006/PS006_1.jpg | https://hlzmzadbygyizbdzhvkb.supabase.co/storage/v1/object/public/product-images/PS006/PS006_2.jpg | https://hlzmzadbygyizbdzhvkb.supabase.co/storage/v1/object/public/product-images/PS006/PS006_3.jpg
PP0015,DOT LINE DESIGN,BOXER POLY/ELASTANE,approx,https://hlzmzadbygyizbdzhvkb.supabase.co/storage/v1/object/public/product-images/PP0015/PP0015_1.jpg | https://hlzmzadbygyizbdzhvkb.supabase.co/storage/v1/object/public/product-images/PP0015/PP0015_2.jpg
PS008,DOT LINE DESIGN,BOXER POLY/ELASTANE,exact,https://hlzmzadbygyizbdzhvkb.supabase.co/storage/v1/object/public/product-images/PS008/PS008_1.jpg | https://hlzmzadbygyizbdzhvkb.supabase.co/storage/v1/object/public/product-images/PS008/PS008_2.jpg | https://hlzmzadbygyizbdzhvkb.supabase.co/storage/v1/object/public/product-images/PS008/PS008_3.jpg
PS009,DOT LINE DESIGN,BOXER POLY/ELASTANE,exact,https://hlzmzadbygyizbdzhvkb.supabase.co/storage/v1/object/public/product-images/PS009/PS009_1.jpg | https://hlzmzadbygyizbdzhvkb.supabase.co/storage/v1/object/public/product-images/PS009/PS009_2.jpg | https://hlzmzadbygyizbdzhvkb.supabase.co/storage/v1/object/public/product-images/PS009/PS009_3.jpg
SXPP2T,SAXX,BOXER POLY/ELASTANE,exact,https://hlzmzadbygyizbdzhvkb.supabase.co/storage/v1/object/public/product-images/SXPP2T/SXPP2T_1.jpg | https://hlzmzadbygyizbdzhvkb.supabase.co/storage/v1/object/public/product-images/SXPP2T/SXPP2T_2.jpg
SXVX24F,SAXX,BOXER VISCOSE/ELASTANE,exact,https://hlzmzadbygyizbdzhvkb.supabase.co/storage/v1/object/public/product-images/SXVX24F/SXVX24F_1.jpg | https://hlzmzadbygyizbdzhvkb.supabase.co/storage/v1/object/public/product-images/SXVX24F/SXVX24F_2.jpg | https://hlzmzadbygyizbdzhvkb.supabase.co/storage/v1/object/public/product-images/SXVX24F/SXVX24F_3.jpg | https://hlzmzadbygyizbdzhvkb.supabase.co/storage/v1/object/public/product-images/SXVX24F/SXVX24F_4.jpg
CE1141,MATCH INTERNATIONAL,BRETELLE,approx,https://hlzmzadbygyizbdzhvkb.supabase.co/storage/v1/object/public/product-images/CE1141/CE1141_1.jpg | https://hlzmzadbygyizbdzhvkb.supabase.co/storage/v1/object/public/product-images/CE1141/CE1141_2.jpg
A1191L,ARROW INC.,BRETELLE,approx,https://hlzmzadbygyizbdzhvkb.supabase.co/storage/v1/object/public/product-images/A1191L/A1191L_1.jpg | https://hlzmzadbygyizbdzhvkb.supabase.co/storage/v1/object/public/product-images/A1191L/A1191L_2.jpg
CF3142,MATCH INTERNATIONAL,BRETELLE,approx,https://hlzmzadbygyizbdzhvkb.supabase.co/storage/v1/object/public/product-images/CF3142/CF3142_1.jpg | https://hlzmzadbygyizbdzhvkb.supabase.co/storage/v1/object/public/product-images/CF3142/CF3142_2.jpg
SHADON,MATCH INTERNATIONAL,BRETELLE,approx,https://hlzmzadbygyizbdzhvkb.supabase.co/storage/v1/object/public/product-images/SHADON/SHADON_1.jpg | https://hlzmzadbygyizbdzhvkb.supabase.co/storage/v1/object/public/product-images/SHADON/SHADON_2.jpg
CE.314,KNOTZ,BRETELLE,exact,https://hlzmzadbygyizbdzhvkb.supabase.co/storage/v1/object/public/product-images/CE.314/CE.314_1.jpg
ACC001,DYNAMIQUE 9,BROSSE SUÈDE,exact,https://hlzmzadbygyizbdzhvkb.supabase.co/storage/v1/object/public/product-images/ACC001/ACC001_1.jpg | https://hlzmzadbygyizbdzhvkb.supabase.co/storage/v1/object/public/product-images/ACC001/ACC001_2.jpg
90319,JIMMIS CANADA INC.,CAMISOLE S.M. COTON,approx,https://hlzmzadbygyizbdzhvkb.supabase.co/storage/v1/object/public/product-images/90319/90319_1.jpg | https://hlzmzadbygyizbdzhvkb.supabase.co/storage/v1/object/public/product-images/90319/90319_2.jpg
61.2621,FELLOWS,CARDIGAN ZIP,approx,https://hlzmzadbygyizbdzhvkb.supabase.co/storage/v1/object/public/product-images/61.2621/61.2621_1.jpg | https://hlzmzadbygyizbdzhvkb.supabase.co/storage/v1/object/public/product-images/61.2621/61.2621_2.jpg
26AN300,N-Z-A-  (MKimpton Inc.),CARDIGAN ZIP COT/POLY,exact,https://hlzmzadbygyizbdzhvkb.supabase.co/storage/v1/object/public/product-images/26AN300/26AN300_1.jpg | https://hlzmzadbygyizbdzhvkb.supabase.co/storage/v1/object/public/product-images/26AN300/26AN300_2.jpg | https://hlzmzadbygyizbdzhvkb.supabase.co/storage/v1/object/public/product-images/26AN300/26AN300_3.jpg
1762626900,LOIS  ( HOMME),CARGO COTON,approx,https://hlzmzadbygyizbdzhvkb.supabase.co/storage/v1/object/public/product-images/1762626900/1762626900_1.jpg | https://hlzmzadbygyizbdzhvkb.supabase.co/storage/v1/object/public/product-images/1762626900/1762626900_2.jpg | https://hlzmzadbygyizbdzhvkb.supabase.co/storage/v1/object/public/product-images/1762626900/1762626900_3.jpg
3015.10PSQ,KNOTZ,CARRE DE SOIE,approx,https://hlzmzadbygyizbdzhvkb.supabase.co/storage/v1/object/public/product-images/3015.10PSQ/3015.10PSQ_1.jpg | https://hlzmzadbygyizbdzhvkb.supabase.co/storage/v1/object/public/product-images/3015.10PSQ/3015.10PSQ_2.jpg
3020.6PSQ,KNOTZ,CARRE DE SOIE,approx,https://hlzmzadbygyizbdzhvkb.supabase.co/storage/v1/object/public/product-images/3020.6PSQ/3020.6PSQ_1.jpg | https://hlzmzadbygyizbdzhvkb.supabase.co/storage/v1/object/public/product-images/3020.6PSQ/3020.6PSQ_2.jpg
PSQ310,KNOTZ,CARRE DE SOIE,approx,https://hlzmzadbygyizbdzhvkb.supabase.co/storage/v1/object/public/product-images/PSQ310/PSQ310_1.jpg | https://hlzmzadbygyizbdzhvkb.supabase.co/storage/v1/object/public/product-images/PSQ310/PSQ310_2.jpg
PSQ308,KNOTZ,CARRE DE SOIE,approx,https://hlzmzadbygyizbdzhvkb.supabase.co/storage/v1/object/public/product-images/PSQ308/PSQ308_1.jpg | https://hlzmzadbygyizbdzhvkb.supabase.co/storage/v1/object/public/product-images/PSQ308/PSQ308_2.jpg
PSQ309,KNOTZ,CARRE DE SOIE,approx,https://hlzmzadbygyizbdzhvkb.supabase.co/storage/v1/object/public/product-images/PSQ309/PSQ309_1.jpg | https://hlzmzadbygyizbdzhvkb.supabase.co/storage/v1/object/public/product-images/PSQ309/PSQ309_2.jpg
3015.11PSQ,KNOTZ,CARRE DE SOIE,approx,https://hlzmzadbygyizbdzhvkb.supabase.co/storage/v1/object/public/product-images/3015.11PSQ/3015.11PSQ_1.jpg | https://hlzmzadbygyizbdzhvkb.supabase.co/storage/v1/object/public/product-images/3015.11PSQ/3015.11PSQ_2.jpg
MONACO,ALBEE,CASQUETTE LAINE,exact,https://hlzmzadbygyizbdzhvkb.supabase.co/storage/v1/object/public/product-images/MONACO/MONACO_1.jpg | https://hlzmzadbygyizbdzhvkb.supabase.co/storage/v1/object/public/product-images/MONACO/MONACO_2.jpg | https://hlzmzadbygyizbdzhvkb.supabase.co/storage/v1/object/public/product-images/MONACO/MONACO_3.jpg
MONACOA,ALBEE,CASQUETTE LAINE,approx,https://hlzmzadbygyizbdzhvkb.supabase.co/storage/v1/object/public/product-images/MONACOA/MONACOA_1.jpg | https://hlzmzadbygyizbdzhvkb.supabase.co/storage/v1/object/public/product-images/MONACOA/MONACOA_2.jpg
15055,MILIDEE,CEINTURE,approx,https://hlzmzadbygyizbdzhvkb.supabase.co/storage/v1/object/public/product-images/15055/15055_1.jpg | https://hlzmzadbygyizbdzhvkb.supabase.co/storage/v1/object/public/product-images/15055/15055_2.jpg
10255OS,CUSTOM LEATHER,CEINTURE CUIR,approx,https://hlzmzadbygyizbdzhvkb.supabase.co/storage/v1/object/public/product-images/10255OS/10255OS_1.jpg | https://hlzmzadbygyizbdzhvkb.supabase.co/storage/v1/object/public/product-images/10255OS/10255OS_2.jpg
10186,CUSTOM LEATHER,CEINTURE CUIR,approx,https://hlzmzadbygyizbdzhvkb.supabase.co/storage/v1/object/public/product-images/10186/10186_1.jpg | https://hlzmzadbygyizbdzhvkb.supabase.co/storage/v1/object/public/product-images/10186/10186_2.jpg
10340,CUSTOM LEATHER,CEINTURE CUIR,approx,https://hlzmzadbygyizbdzhvkb.supabase.co/storage/v1/object/public/product-images/10340/10340_1.jpg | https://hlzmzadbygyizbdzhvkb.supabase.co/storage/v1/object/public/product-images/10340/10340_2.jpg
B1706,KNOTZ,CEINTURE CUIR,exact,https://hlzmzadbygyizbdzhvkb.supabase.co/storage/v1/object/public/product-images/B1706/B1706_1.jpg | https://hlzmzadbygyizbdzhvkb.supabase.co/storage/v1/object/public/product-images/B1706/B1706_2.jpg
10267,CUSTOM LEATHER,CEINTURE CUIR,approx,https://hlzmzadbygyizbdzhvkb.supabase.co/storage/v1/object/public/product-images/10267/10267_1.jpg | https://hlzmzadbygyizbdzhvkb.supabase.co/storage/v1/object/public/product-images/10267/10267_2.jpg
B1705,KNOTZ,CEINTURE CUIR,approx,https://hlzmzadbygyizbdzhvkb.supabase.co/storage/v1/object/public/product-images/B1705/B1705_1.jpg | https://hlzmzadbygyizbdzhvkb.supabase.co/storage/v1/object/public/product-images/B1705/B1705_2.jpg
B4518,MATCH INTERNATIONAL,CEINTURE CUIR,exact,https://hlzmzadbygyizbdzhvkb.supabase.co/storage/v1/object/public/product-images/B4518/B4518_1.jpg | https://hlzmzadbygyizbdzhvkb.supabase.co/storage/v1/object/public/product-images/B4518/B4518_2.jpg | https://hlzmzadbygyizbdzhvkb.supabase.co/storage/v1/object/public/product-images/B4518/B4518_3.jpg
5940.25,T.O. LEATHER FASHIONS LTD,CEINTURE CUIR,approx,https://hlzmzadbygyizbdzhvkb.supabase.co/storage/v1/object/public/product-images/5940.25/5940.25_1.jpg | https://hlzmzadbygyizbdzhvkb.supabase.co/storage/v1/object/public/product-images/5940.25/5940.25_2.jpg
014160,CUSTOM LEATHER,CEINTURE CUIR,exact,https://hlzmzadbygyizbdzhvkb.supabase.co/storage/v1/object/public/product-images/014160/014160_1.jpg
014183,CUSTOM LEATHER,CEINTURE CUIR,approx,https://hlzmzadbygyizbdzhvkb.supabase.co/storage/v1/object/public/product-images/014183/014183_1.jpg | https://hlzmzadbygyizbdzhvkb.supabase.co/storage/v1/object/public/product-images/014183/014183_2.jpg
014196,CUSTOM LEATHER,CEINTURE CUIR,exact,https://hlzmzadbygyizbdzhvkb.supabase.co/storage/v1/object/public/product-images/014196/014196_1.jpg | https://hlzmzadbygyizbdzhvkb.supabase.co/storage/v1/object/public/product-images/014196/014196_2.jpg | https://hlzmzadbygyizbdzhvkb.supabase.co/storage/v1/object/public/product-images/014196/014196_3.jpg
13101,MILIDEE,CEINTURE CUIR,approx,https://hlzmzadbygyizbdzhvkb.supabase.co/storage/v1/object/public/product-images/13101/13101_1.jpg | https://hlzmzadbygyizbdzhvkb.supabase.co/storage/v1/object/public/product-images/13101/13101_2.jpg
10213,CUSTOM LEATHER,CEINTURE CUIR,approx,https://hlzmzadbygyizbdzhvkb.supabase.co/storage/v1/object/public/product-images/10213/10213_1.jpg | https://hlzmzadbygyizbdzhvkb.supabase.co/storage/v1/object/public/product-images/10213/10213_2.jpg
10319,CUSTOM LEATHER,CEINTURE CUIR,approx,https://hlzmzadbygyizbdzhvkb.supabase.co/storage/v1/object/public/product-images/10319/10319_1.jpg | https://hlzmzadbygyizbdzhvkb.supabase.co/storage/v1/object/public/product-images/10319/10319_2.jpg
10284OS,CUSTOM LEATHER,CEINTURE CUIR,exact,https://hlzmzadbygyizbdzhvkb.supabase.co/storage/v1/object/public/product-images/10284OS/10284OS_1.jpg | https://hlzmzadbygyizbdzhvkb.supabase.co/storage/v1/object/public/product-images/10284OS/10284OS_2.jpg | https://hlzmzadbygyizbdzhvkb.supabase.co/storage/v1/object/public/product-images/10284OS/10284OS_3.jpg
4284HER,MILIDEE,CEINTURE CUIR,approx,https://hlzmzadbygyizbdzhvkb.supabase.co/storage/v1/object/public/product-images/4284HER/4284HER_1.jpg | https://hlzmzadbygyizbdzhvkb.supabase.co/storage/v1/object/public/product-images/4284HER/4284HER_2.jpg
10268,CUSTOM LEATHER,CEINTURE CUIR,approx,https://hlzmzadbygyizbdzhvkb.supabase.co/storage/v1/object/public/product-images/10268/10268_1.jpg | https://hlzmzadbygyizbdzhvkb.supabase.co/storage/v1/object/public/product-images/10268/10268_2.jpg
4284SAF,MILIDEE,CEINTURE CUIR,approx,https://hlzmzadbygyizbdzhvkb.supabase.co/storage/v1/object/public/product-images/4284SAF/4284SAF_1.jpg | https://hlzmzadbygyizbdzhvkb.supabase.co/storage/v1/object/public/product-images/4284SAF/4284SAF_2.jpg
B.1505,KNOTZ,CEINTURE REVERSIBLE,exact,https://hlzmzadbygyizbdzhvkb.supabase.co/storage/v1/object/public/product-images/B.1505/B.1505_1.jpg | https://hlzmzadbygyizbdzhvkb.supabase.co/storage/v1/object/public/product-images/B.1505/B.1505_2.jpg | https://hlzmzadbygyizbdzhvkb.supabase.co/storage/v1/object/public/product-images/B.1505/B.1505_3.jpg
B.1506,KNOTZ,CEINTURE REVERSIBLE,approx,https://hlzmzadbygyizbdzhvkb.supabase.co/storage/v1/object/public/product-images/B.1506/B.1506_1.jpg | https://hlzmzadbygyizbdzhvkb.supabase.co/storage/v1/object/public/product-images/B.1506/B.1506_2.jpg
2020M,MALDO (DISTRIBUTIONS),CEINTURE SPORT,approx,https://hlzmzadbygyizbdzhvkb.supabase.co/storage/v1/object/public/product-images/2020M/2020M_1.jpg | https://hlzmzadbygyizbdzhvkb.supabase.co/storage/v1/object/public/product-images/2020M/2020M_2.jpg
225121,ALPHI APPAREL GROUP  Division de 171415,CHEM. COTON,exact,https://hlzmzadbygyizbdzhvkb.supabase.co/storage/v1/object/public/product-images/225121/225121_1.jpg | https://hlzmzadbygyizbdzhvkb.supabase.co/storage/v1/object/public/product-images/225121/225121_2.jpg | https://hlzmzadbygyizbdzhvkb.supabase.co/storage/v1/object/public/product-images/225121/225121_3.jpg | https://hlzmzadbygyizbdzhvkb.supabase.co/storage/v1/object/public/product-images/225121/225121_4.jpg | https://hlzmzadbygyizbdzhvkb.supabase.co/storage/v1/object/public/product-images/225121/225121_5.jpg | https://hlzmzadbygyizbdzhvkb.supabase.co/storage/v1/object/public/product-images/225121/225121_6.jpg | https://hlzmzadbygyizbdzhvkb.supabase.co/storage/v1/object/public/product-images/225121/225121_7.jpg
225103,ALPHI APPAREL GROUP  Division de 171415,CHEM. COTON,exact,https://hlzmzadbygyizbdzhvkb.supabase.co/storage/v1/object/public/product-images/225103/225103_1.jpg | https://hlzmzadbygyizbdzhvkb.supabase.co/storage/v1/object/public/product-images/225103/225103_2.jpg | https://hlzmzadbygyizbdzhvkb.supabase.co/storage/v1/object/public/product-images/225103/225103_3.jpg | https://hlzmzadbygyizbdzhvkb.supabase.co/storage/v1/object/public/product-images/225103/225103_4.jpg | https://hlzmzadbygyizbdzhvkb.supabase.co/storage/v1/object/public/product-images/225103/225103_5.jpg | https://hlzmzadbygyizbdzhvkb.supabase.co/storage/v1/object/public/product-images/225103/225103_6.jpg | https://hlzmzadbygyizbdzhvkb.supabase.co/storage/v1/object/public/product-images/225103/225103_7.jpg
225103L,ALPHI APPAREL GROUP  Division de 171415,CHEM. COTON,approx,https://hlzmzadbygyizbdzhvkb.supabase.co/storage/v1/object/public/product-images/225103L/225103L_1.jpg | https://hlzmzadbygyizbdzhvkb.supabase.co/storage/v1/object/public/product-images/225103L/225103L_2.jpg
20506157,CASUAL FRIDAY ( DKV COMPANY),CHEMISE COTON,exact,https://hlzmzadbygyizbdzhvkb.supabase.co/storage/v1/object/public/product-images/20506157/20506157_1.jpg | https://hlzmzadbygyizbdzhvkb.supabase.co/storage/v1/object/public/product-images/20506157/20506157_2.jpg | https://hlzmzadbygyizbdzhvkb.supabase.co/storage/v1/object/public/product-images/20506157/20506157_3.jpg | https://hlzmzadbygyizbdzhvkb.supabase.co/storage/v1/object/public/product-images/20506157/20506157_4.jpg
HUMPHREY,AU NOIR,CHEMISE LIN,exact,https://hlzmzadbygyizbdzhvkb.supabase.co/storage/v1/object/public/product-images/HUMPHREY/HUMPHREY_1.jpg | https://hlzmzadbygyizbdzhvkb.supabase.co/storage/v1/object/public/product-images/HUMPHREY/HUMPHREY_2.jpg | https://hlzmzadbygyizbdzhvkb.supabase.co/storage/v1/object/public/product-images/HUMPHREY/HUMPHREY_3.jpg | https://hlzmzadbygyizbdzhvkb.supabase.co/storage/v1/object/public/product-images/HUMPHREY/HUMPHREY_4.jpg | https://hlzmzadbygyizbdzhvkb.supabase.co/storage/v1/object/public/product-images/HUMPHREY/HUMPHREY_5.jpg
26CN506,N-Z-A-  (MKimpton Inc.),CHEMISE LIN,exact,https://hlzmzadbygyizbdzhvkb.supabase.co/storage/v1/object/public/product-images/26CN506/26CN506_1.jpg | https://hlzmzadbygyizbdzhvkb.supabase.co/storage/v1/object/public/product-images/26CN506/26CN506_2.jpg | https://hlzmzadbygyizbdzhvkb.supabase.co/storage/v1/object/public/product-images/26CN506/26CN506_3.jpg
BERNAL,AU NOIR,CHEMISE LIN,exact,https://hlzmzadbygyizbdzhvkb.supabase.co/storage/v1/object/public/product-images/BERNAL/BERNAL_1.jpg | https://hlzmzadbygyizbdzhvkb.supabase.co/storage/v1/object/public/product-images/BERNAL/BERNAL_2.jpg | https://hlzmzadbygyizbdzhvkb.supabase.co/storage/v1/object/public/product-images/BERNAL/BERNAL_3.jpg | https://hlzmzadbygyizbdzhvkb.supabase.co/storage/v1/object/public/product-images/BERNAL/BERNAL_4.jpg | https://hlzmzadbygyizbdzhvkb.supabase.co/storage/v1/object/public/product-images/BERNAL/BERNAL_5.jpg
SO706,ANGO-MODE LTÉE (LES IMPORTATIONS),CHEMISE POLY/COTON,exact,https://hlzmzadbygyizbdzhvkb.supabase.co/storage/v1/object/public/product-images/SO706/SO706_1.jpg | https://hlzmzadbygyizbdzhvkb.supabase.co/storage/v1/object/public/product-images/SO706/SO706_2.jpg | https://hlzmzadbygyizbdzhvkb.supabase.co/storage/v1/object/public/product-images/SO706/SO706_3.jpg
CH830E,MALDO (DISTRIBUTIONS),CHEMISE SPORT M.L.,approx,https://hlzmzadbygyizbdzhvkb.supabase.co/storage/v1/object/public/product-images/CH830E/CH830E_1.jpg | https://hlzmzadbygyizbdzhvkb.supabase.co/storage/v1/object/public/product-images/CH830E/CH830E_2.jpg
CH830B,MALDO (DISTRIBUTIONS),CHEMISE SPORT M.L.,approx,https://hlzmzadbygyizbdzhvkb.supabase.co/storage/v1/object/public/product-images/CH830B/CH830B_1.jpg | https://hlzmzadbygyizbdzhvkb.supabase.co/storage/v1/object/public/product-images/CH830B/CH830B_2.jpg
225056,UTEX CORPORATION,CHEMISE UNIE M.C.,exact,https://hlzmzadbygyizbdzhvkb.supabase.co/storage/v1/object/public/product-images/225056/225056_1.jpg
CR706,ANGO-MODE LTÉE (LES IMPORTATIONS),CHEMISE UNIE M.L.,exact,https://hlzmzadbygyizbdzhvkb.supabase.co/storage/v1/object/public/product-images/CR706/CR706_1.jpg | https://hlzmzadbygyizbdzhvkb.supabase.co/storage/v1/object/public/product-images/CR706/CR706_2.jpg | https://hlzmzadbygyizbdzhvkb.supabase.co/storage/v1/object/public/product-images/CR706/CR706_3.jpg
HR701,HORST(ANGO MODE,CHEMISE UNIE M.L.,approx,https://hlzmzadbygyizbdzhvkb.supabase.co/storage/v1/object/public/product-images/HR701/HR701_1.jpg
225156,ALPHI APPAREL GROUP  Division de 171415,CHEMISE UNIE M.L.,exact,https://hlzmzadbygyizbdzhvkb.supabase.co/storage/v1/object/public/product-images/225156/225156_1.jpg | https://hlzmzadbygyizbdzhvkb.supabase.co/storage/v1/object/public/product-images/225156/225156_2.jpg | https://hlzmzadbygyizbdzhvkb.supabase.co/storage/v1/object/public/product-images/225156/225156_3.jpg
ELVARIS,AU NOIR,COL BOUT. COTON,exact,https://hlzmzadbygyizbdzhvkb.supabase.co/storage/v1/object/public/product-images/ELVARIS/ELVARIS_1.jpg | https://hlzmzadbygyizbdzhvkb.supabase.co/storage/v1/object/public/product-images/ELVARIS/ELVARIS_2.jpg | https://hlzmzadbygyizbdzhvkb.supabase.co/storage/v1/object/public/product-images/ELVARIS/ELVARIS_3.jpg | https://hlzmzadbygyizbdzhvkb.supabase.co/storage/v1/object/public/product-images/ELVARIS/ELVARIS_4.jpg | https://hlzmzadbygyizbdzhvkb.supabase.co/storage/v1/object/public/product-images/ELVARIS/ELVARIS_5.jpg
261.102,THE SURFCAR (DDL INTERNATIONAL,COL BOUT. COTON,approx,https://hlzmzadbygyizbdzhvkb.supabase.co/storage/v1/object/public/product-images/261.102/261.102_1.jpg | https://hlzmzadbygyizbdzhvkb.supabase.co/storage/v1/object/public/product-images/261.102/261.102_2.jpg
61.6623,FELLOWS,COL BOUT. COTON,exact,https://hlzmzadbygyizbdzhvkb.supabase.co/storage/v1/object/public/product-images/61.6623/61.6623_1.jpg
261.056,THE SURFCAR (DDL INTERNATIONAL,COL BOUT. COTON,approx,https://hlzmzadbygyizbdzhvkb.supabase.co/storage/v1/object/public/product-images/261.056/261.056_1.jpg | https://hlzmzadbygyizbdzhvkb.supabase.co/storage/v1/object/public/product-images/261.056/261.056_2.jpg
POLGAR,AU NOIR,COL BOUT. COTON,exact,https://hlzmzadbygyizbdzhvkb.supabase.co/storage/v1/object/public/product-images/POLGAR/POLGAR_1.jpg | https://hlzmzadbygyizbdzhvkb.supabase.co/storage/v1/object/public/product-images/POLGAR/POLGAR_2.jpg | https://hlzmzadbygyizbdzhvkb.supabase.co/storage/v1/object/public/product-images/POLGAR/POLGAR_3.jpg | https://hlzmzadbygyizbdzhvkb.supabase.co/storage/v1/object/public/product-images/POLGAR/POLGAR_4.jpg
SONORAN(SS),AU NOIR,COL BOUT. COTON,exact,https://hlzmzadbygyizbdzhvkb.supabase.co/storage/v1/object/public/product-images/SONORAN_SS_/SONORAN_SS__1.jpg | https://hlzmzadbygyizbdzhvkb.supabase.co/storage/v1/object/public/product-images/SONORAN_SS_/SONORAN_SS__2.jpg | https://hlzmzadbygyizbdzhvkb.supabase.co/storage/v1/object/public/product-images/SONORAN_SS_/SONORAN_SS__3.jpg | https://hlzmzadbygyizbdzhvkb.supabase.co/storage/v1/object/public/product-images/SONORAN_SS_/SONORAN_SS__4.jpg | https://hlzmzadbygyizbdzhvkb.supabase.co/storage/v1/object/public/product-images/SONORAN_SS_/SONORAN_SS__5.jpg
SAKARUN,AU NOIR,COL BOUT. COTON,exact,https://hlzmzadbygyizbdzhvkb.supabase.co/storage/v1/object/public/product-images/SAKARUN/SAKARUN_1.jpg | https://hlzmzadbygyizbdzhvkb.supabase.co/storage/v1/object/public/product-images/SAKARUN/SAKARUN_2.jpg
BRASILIA(SS),AU NOIR,COL BOUT. COTON,exact,https://hlzmzadbygyizbdzhvkb.supabase.co/storage/v1/object/public/product-images/BRASILIA_SS_/BRASILIA_SS__1.jpg | https://hlzmzadbygyizbdzhvkb.supabase.co/storage/v1/object/public/product-images/BRASILIA_SS_/BRASILIA_SS__2.jpg | https://hlzmzadbygyizbdzhvkb.supabase.co/storage/v1/object/public/product-images/BRASILIA_SS_/BRASILIA_SS__3.jpg | https://hlzmzadbygyizbdzhvkb.supabase.co/storage/v1/object/public/product-images/BRASILIA_SS_/BRASILIA_SS__4.jpg | https://hlzmzadbygyizbdzhvkb.supabase.co/storage/v1/object/public/product-images/BRASILIA_SS_/BRASILIA_SS__5.jpg
PELOSA,AU NOIR,COL BOUT. COTON,exact,https://hlzmzadbygyizbdzhvkb.supabase.co/storage/v1/object/public/product-images/PELOSA/PELOSA_1.jpg | https://hlzmzadbygyizbdzhvkb.supabase.co/storage/v1/object/public/product-images/PELOSA/PELOSA_2.jpg | https://hlzmzadbygyizbdzhvkb.supabase.co/storage/v1/object/public/product-images/PELOSA/PELOSA_3.jpg | https://hlzmzadbygyizbdzhvkb.supabase.co/storage/v1/object/public/product-images/PELOSA/PELOSA_4.jpg
261.129,THE SURFCAR (DDL INTERNATIONAL,COL BOUT. COTON,exact,https://hlzmzadbygyizbdzhvkb.supabase.co/storage/v1/object/public/product-images/261.129/261.129_1.jpg
261.108,THE SURFCAR (DDL INTERNATIONAL,COL BOUT. COTON,exact,https://hlzmzadbygyizbdzhvkb.supabase.co/storage/v1/object/public/product-images/261.108/261.108_1.jpg | https://hlzmzadbygyizbdzhvkb.supabase.co/storage/v1/object/public/product-images/261.108/261.108_2.jpg
KALIMANTAN,AU NOIR,COL BOUT. COTON,exact,https://hlzmzadbygyizbdzhvkb.supabase.co/storage/v1/object/public/product-images/KALIMANTAN/KALIMANTAN_1.jpg | https://hlzmzadbygyizbdzhvkb.supabase.co/storage/v1/object/public/product-images/KALIMANTAN/KALIMANTAN_2.jpg | https://hlzmzadbygyizbdzhvkb.supabase.co/storage/v1/object/public/product-images/KALIMANTAN/KALIMANTAN_3.jpg | https://hlzmzadbygyizbdzhvkb.supabase.co/storage/v1/object/public/product-images/KALIMANTAN/KALIMANTAN_4.jpg | https://hlzmzadbygyizbdzhvkb.supabase.co/storage/v1/object/public/product-images/KALIMANTAN/KALIMANTAN_5.jpg
GAVELSTON(SS),AU NOIR,COL BOUT. COTON,exact,https://hlzmzadbygyizbdzhvkb.supabase.co/storage/v1/object/public/product-images/GAVELSTON_SS_/GAVELSTON_SS__1.jpg | https://hlzmzadbygyizbdzhvkb.supabase.co/storage/v1/object/public/product-images/GAVELSTON_SS_/GAVELSTON_SS__2.jpg | https://hlzmzadbygyizbdzhvkb.supabase.co/storage/v1/object/public/product-images/GAVELSTON_SS_/GAVELSTON_SS__3.jpg | https://hlzmzadbygyizbdzhvkb.supabase.co/storage/v1/object/public/product-images/GAVELSTON_SS_/GAVELSTON_SS__4.jpg | https://hlzmzadbygyizbdzhvkb.supabase.co/storage/v1/object/public/product-images/GAVELSTON_SS_/GAVELSTON_SS__5.jpg
STRATTA,AU NOIR,COL BOUT. COTON,exact,https://hlzmzadbygyizbdzhvkb.supabase.co/storage/v1/object/public/product-images/STRATTA/STRATTA_1.jpg | https://hlzmzadbygyizbdzhvkb.supabase.co/storage/v1/object/public/product-images/STRATTA/STRATTA_2.jpg
MIRAGE,AU NOIR,COL BOUT. COTON,exact,https://hlzmzadbygyizbdzhvkb.supabase.co/storage/v1/object/public/product-images/MIRAGE/MIRAGE_1.jpg | https://hlzmzadbygyizbdzhvkb.supabase.co/storage/v1/object/public/product-images/MIRAGE/MIRAGE_2.jpg | https://hlzmzadbygyizbdzhvkb.supabase.co/storage/v1/object/public/product-images/MIRAGE/MIRAGE_3.jpg | https://hlzmzadbygyizbdzhvkb.supabase.co/storage/v1/object/public/product-images/MIRAGE/MIRAGE_4.jpg | https://hlzmzadbygyizbdzhvkb.supabase.co/storage/v1/object/public/product-images/MIRAGE/MIRAGE_5.jpg
LAJEDO,AU NOIR,COL BOUT. COTON,exact,https://hlzmzadbygyizbdzhvkb.supabase.co/storage/v1/object/public/product-images/LAJEDO/LAJEDO_1.jpg | https://hlzmzadbygyizbdzhvkb.supabase.co/storage/v1/object/public/product-images/LAJEDO/LAJEDO_2.jpg | https://hlzmzadbygyizbdzhvkb.supabase.co/storage/v1/object/public/product-images/LAJEDO/LAJEDO_3.jpg | https://hlzmzadbygyizbdzhvkb.supabase.co/storage/v1/object/public/product-images/LAJEDO/LAJEDO_4.jpg | https://hlzmzadbygyizbdzhvkb.supabase.co/storage/v1/object/public/product-images/LAJEDO/LAJEDO_5.jpg
CLOUDSPIN,AU NOIR,COL BOUT. COTON,exact,https://hlzmzadbygyizbdzhvkb.supabase.co/storage/v1/object/public/product-images/CLOUDSPIN/CLOUDSPIN_1.jpg | https://hlzmzadbygyizbdzhvkb.supabase.co/storage/v1/object/public/product-images/CLOUDSPIN/CLOUDSPIN_2.jpg | https://hlzmzadbygyizbdzhvkb.supabase.co/storage/v1/object/public/product-images/CLOUDSPIN/CLOUDSPIN_3.jpg | https://hlzmzadbygyizbdzhvkb.supabase.co/storage/v1/object/public/product-images/CLOUDSPIN/CLOUDSPIN_4.jpg
STONEHILL,AU NOIR,COL BOUT. COTON,exact,https://hlzmzadbygyizbdzhvkb.supabase.co/storage/v1/object/public/product-images/STONEHILL/STONEHILL_1.jpg | https://hlzmzadbygyizbdzhvkb.supabase.co/storage/v1/object/public/product-images/STONEHILL/STONEHILL_2.jpg | https://hlzmzadbygyizbdzhvkb.supabase.co/storage/v1/object/public/product-images/STONEHILL/STONEHILL_3.jpg | https://hlzmzadbygyizbdzhvkb.supabase.co/storage/v1/object/public/product-images/STONEHILL/STONEHILL_4.jpg
VENICE(SS),AU NOIR,COL BOUT. COTON,exact,https://hlzmzadbygyizbdzhvkb.supabase.co/storage/v1/object/public/product-images/VENICE_SS_/VENICE_SS__1.jpg | https://hlzmzadbygyizbdzhvkb.supabase.co/storage/v1/object/public/product-images/VENICE_SS_/VENICE_SS__2.jpg
IRONBARK,AU NOIR,COL BOUT. COTON,exact,https://hlzmzadbygyizbdzhvkb.supabase.co/storage/v1/object/public/product-images/IRONBARK/IRONBARK_1.jpg | https://hlzmzadbygyizbdzhvkb.supabase.co/storage/v1/object/public/product-images/IRONBARK/IRONBARK_2.jpg | https://hlzmzadbygyizbdzhvkb.supabase.co/storage/v1/object/public/product-images/IRONBARK/IRONBARK_3.jpg | https://hlzmzadbygyizbdzhvkb.supabase.co/storage/v1/object/public/product-images/IRONBARK/IRONBARK_4.jpg | https://hlzmzadbygyizbdzhvkb.supabase.co/storage/v1/object/public/product-images/IRONBARK/IRONBARK_5.jpg
261.050,THE SURFCAR (DDL INTERNATIONAL,COL BOUT. COTON,exact,https://hlzmzadbygyizbdzhvkb.supabase.co/storage/v1/object/public/product-images/261.050/261.050_1.jpg | https://hlzmzadbygyizbdzhvkb.supabase.co/storage/v1/object/public/product-images/261.050/261.050_2.jpg | https://hlzmzadbygyizbdzhvkb.supabase.co/storage/v1/object/public/product-images/261.050/261.050_3.jpg | https://hlzmzadbygyizbdzhvkb.supabase.co/storage/v1/object/public/product-images/261.050/261.050_4.jpg | https://hlzmzadbygyizbdzhvkb.supabase.co/storage/v1/object/public/product-images/261.050/261.050_5.jpg | https://hlzmzadbygyizbdzhvkb.supabase.co/storage/v1/object/public/product-images/261.050/261.050_6.jpg | https://hlzmzadbygyizbdzhvkb.supabase.co/storage/v1/object/public/product-images/261.050/261.050_7.jpg
HRSL261704,HORST(ANGO MODE,COL BOUT. COTON,exact,https://hlzmzadbygyizbdzhvkb.supabase.co/storage/v1/object/public/product-images/HRSL261704/HRSL261704_1.jpg
261.031,THE SURFCAR (DDL INTERNATIONAL,COL BOUT. COTON,approx,https://hlzmzadbygyizbdzhvkb.supabase.co/storage/v1/object/public/product-images/261.031/261.031_1.jpg | https://hlzmzadbygyizbdzhvkb.supabase.co/storage/v1/object/public/product-images/261.031/261.031_2.jpg
HRSL261703,HORST(ANGO MODE,COL BOUT. COTON,exact,https://hlzmzadbygyizbdzhvkb.supabase.co/storage/v1/object/public/product-images/HRSL261703/HRSL261703_1.jpg
20506165,CASUAL FRIDAY ( DKV COMPANY),COL BOUT. COTON,approx,https://hlzmzadbygyizbdzhvkb.supabase.co/storage/v1/object/public/product-images/20506165/20506165_1.jpg | https://hlzmzadbygyizbdzhvkb.supabase.co/storage/v1/object/public/product-images/20506165/20506165_2.jpg | https://hlzmzadbygyizbdzhvkb.supabase.co/storage/v1/object/public/product-images/20506165/20506165_3.jpg
61.6633,FELLOWS,COL BOUT. COTON,approx,https://hlzmzadbygyizbdzhvkb.supabase.co/storage/v1/object/public/product-images/61.6633/61.6633_1.jpg | https://hlzmzadbygyizbdzhvkb.supabase.co/storage/v1/object/public/product-images/61.6633/61.6633_2.jpg
61.6624,FELLOWS,COL BOUT. COTON,exact,https://hlzmzadbygyizbdzhvkb.supabase.co/storage/v1/object/public/product-images/61.6624/61.6624_1.jpg
ROSEFIELD(SS),AU NOIR,COL BOUT. COTON,exact,https://hlzmzadbygyizbdzhvkb.supabase.co/storage/v1/object/public/product-images/ROSEFIELD_SS_/ROSEFIELD_SS__1.jpg | https://hlzmzadbygyizbdzhvkb.supabase.co/storage/v1/object/public/product-images/ROSEFIELD_SS_/ROSEFIELD_SS__2.jpg | https://hlzmzadbygyizbdzhvkb.supabase.co/storage/v1/object/public/product-images/ROSEFIELD_SS_/ROSEFIELD_SS__3.jpg | https://hlzmzadbygyizbdzhvkb.supabase.co/storage/v1/object/public/product-images/ROSEFIELD_SS_/ROSEFIELD_SS__4.jpg | https://hlzmzadbygyizbdzhvkb.supabase.co/storage/v1/object/public/product-images/ROSEFIELD_SS_/ROSEFIELD_SS__5.jpg
NELUMBO,AU NOIR,COL BOUT. COTON,exact,https://hlzmzadbygyizbdzhvkb.supabase.co/storage/v1/object/public/product-images/NELUMBO/NELUMBO_1.jpg | https://hlzmzadbygyizbdzhvkb.supabase.co/storage/v1/object/public/product-images/NELUMBO/NELUMBO_2.jpg | https://hlzmzadbygyizbdzhvkb.supabase.co/storage/v1/object/public/product-images/NELUMBO/NELUMBO_3.jpg | https://hlzmzadbygyizbdzhvkb.supabase.co/storage/v1/object/public/product-images/NELUMBO/NELUMBO_4.jpg | https://hlzmzadbygyizbdzhvkb.supabase.co/storage/v1/object/public/product-images/NELUMBO/NELUMBO_5.jpg
HRSL261706,HORST(ANGO MODE,COL BOUT. COTON,exact,https://hlzmzadbygyizbdzhvkb.supabase.co/storage/v1/object/public/product-images/HRSL261706/HRSL261706_1.jpg
MIRA,AU NOIR,COL BOUT. COTON,exact,https://hlzmzadbygyizbdzhvkb.supabase.co/storage/v1/object/public/product-images/MIRA/MIRA_1.jpg | https://hlzmzadbygyizbdzhvkb.supabase.co/storage/v1/object/public/product-images/MIRA/MIRA_2.jpg | https://hlzmzadbygyizbdzhvkb.supabase.co/storage/v1/object/public/product-images/MIRA/MIRA_3.jpg | https://hlzmzadbygyizbdzhvkb.supabase.co/storage/v1/object/public/product-images/MIRA/MIRA_4.jpg
26AN566,N-Z-A-  (MKimpton Inc.),COL BOUT. COTON,exact,https://hlzmzadbygyizbdzhvkb.supabase.co/storage/v1/object/public/product-images/26AN566/26AN566_1.jpg | https://hlzmzadbygyizbdzhvkb.supabase.co/storage/v1/object/public/product-images/26AN566/26AN566_2.jpg | https://hlzmzadbygyizbdzhvkb.supabase.co/storage/v1/object/public/product-images/26AN566/26AN566_3.jpg
26AN530,N-Z-A-  (MKimpton Inc.),COL BOUT. LIM/COT,exact,https://hlzmzadbygyizbdzhvkb.supabase.co/storage/v1/object/public/product-images/26AN530/26AN530_1.jpg | https://hlzmzadbygyizbdzhvkb.supabase.co/storage/v1/object/public/product-images/26AN530/26AN530_2.jpg | https://hlzmzadbygyizbdzhvkb.supabase.co/storage/v1/object/public/product-images/26AN530/26AN530_3.jpg
342737R.42,MODEXTIL INC.(REPORT),COL BOUT. LIN/COTON,approx,https://hlzmzadbygyizbdzhvkb.supabase.co/storage/v1/object/public/product-images/342737R.42/342737R.42_1.jpg | https://hlzmzadbygyizbdzhvkb.supabase.co/storage/v1/object/public/product-images/342737R.42/342737R.42_2.jpg
AC574,ANGO-MODE LTÉE (LES IMPORTATIONS),COL CHEMINEE LAINE,approx,https://hlzmzadbygyizbdzhvkb.supabase.co/storage/v1/object/public/product-images/AC574/AC574_1.jpg
26AN301,N-Z-A-  (MKimpton Inc.),COL DEMI-ZIP COT/POLY,exact,https://hlzmzadbygyizbdzhvkb.supabase.co/storage/v1/object/public/product-images/26AN301/26AN301_1.jpg | https://hlzmzadbygyizbdzhvkb.supabase.co/storage/v1/object/public/product-images/26AN301/26AN301_2.jpg | https://hlzmzadbygyizbdzhvkb.supabase.co/storage/v1/object/public/product-images/26AN301/26AN301_3.jpg
26AN407,N-Z-A-  (MKimpton Inc.),COL DEMI-ZIP COTON,exact,https://hlzmzadbygyizbdzhvkb.supabase.co/storage/v1/object/public/product-images/26AN407/26AN407_1.jpg | https://hlzmzadbygyizbdzhvkb.supabase.co/storage/v1/object/public/product-images/26AN407/26AN407_2.jpg | https://hlzmzadbygyizbdzhvkb.supabase.co/storage/v1/object/public/product-images/26AN407/26AN407_3.jpg
261.46072,JIM (SPÉCIAL NOËL 2012),COL DEMI-ZIP COTON,approx,https://hlzmzadbygyizbdzhvkb.supabase.co/storage/v1/object/public/product-images/261.46072/261.46072_1.jpg | https://hlzmzadbygyizbdzhvkb.supabase.co/storage/v1/object/public/product-images/261.46072/261.46072_2.jpg
N261261,ALPHI (GARCIA),COL DEMI-ZIP COTON OUATÉ,exact,https://hlzmzadbygyizbdzhvkb.supabase.co/storage/v1/object/public/product-images/N261261/N261261_1.jpg | https://hlzmzadbygyizbdzhvkb.supabase.co/storage/v1/object/public/product-images/N261261/N261261_2.jpg | https://hlzmzadbygyizbdzhvkb.supabase.co/storage/v1/object/public/product-images/N261261/N261261_3.jpg
KEVIN,INGO INC.,COL EN V  POLYLAINE,approx,https://hlzmzadbygyizbdzhvkb.supabase.co/storage/v1/object/public/product-images/KEVIN/KEVIN_1.jpg | https://hlzmzadbygyizbdzhvkb.supabase.co/storage/v1/object/public/product-images/KEVIN/KEVIN_2.jpg
HR72734,HORST(ANGO MODE,COL EVASE POLY COTON,approx,https://hlzmzadbygyizbdzhvkb.supabase.co/storage/v1/object/public/product-images/HR72734/HR72734_1.jpg
20504334,CASUAL FRIDAY ( DKV COMPANY),COL MAO COTON/LIN,exact,https://hlzmzadbygyizbdzhvkb.supabase.co/storage/v1/object/public/product-images/20504334/20504334_1.jpg | https://hlzmzadbygyizbdzhvkb.supabase.co/storage/v1/object/public/product-images/20504334/20504334_2.jpg | https://hlzmzadbygyizbdzhvkb.supabase.co/storage/v1/object/public/product-images/20504334/20504334_3.jpg | https://hlzmzadbygyizbdzhvkb.supabase.co/storage/v1/object/public/product-images/20504334/20504334_4.jpg
HR762,HORST(ANGO MODE,COL REG. COTON,approx,https://hlzmzadbygyizbdzhvkb.supabase.co/storage/v1/object/public/product-images/HR762/HR762_1.jpg
225161,ALPHI APPAREL GROUP  Division de 171415,COL REG. COTON,exact,https://hlzmzadbygyizbdzhvkb.supabase.co/storage/v1/object/public/product-images/225161/225161_1.jpg | https://hlzmzadbygyizbdzhvkb.supabase.co/storage/v1/object/public/product-images/225161/225161_2.jpg | https://hlzmzadbygyizbdzhvkb.supabase.co/storage/v1/object/public/product-images/225161/225161_3.jpg
20720298,BLEND (DK COMPANY CANADA INC),COL REG. COTON,exact,https://hlzmzadbygyizbdzhvkb.supabase.co/storage/v1/object/public/product-images/20720298/20720298_1.jpg | https://hlzmzadbygyizbdzhvkb.supabase.co/storage/v1/object/public/product-images/20720298/20720298_2.jpg | https://hlzmzadbygyizbdzhvkb.supabase.co/storage/v1/object/public/product-images/20720298/20720298_3.jpg
P26192,ALPHI (GARCIA),COL REG. COTON,exact,https://hlzmzadbygyizbdzhvkb.supabase.co/storage/v1/object/public/product-images/P26192/P26192_1.jpg
KL745L,KLAUSS BOEHLER,COL REG. COTON,approx,https://hlzmzadbygyizbdzhvkb.supabase.co/storage/v1/object/public/product-images/KL745L/KL745L_1.jpg | https://hlzmzadbygyizbdzhvkb.supabase.co/storage/v1/object/public/product-images/KL745L/KL745L_2.jpg
20506245,CASUAL FRIDAY ( DKV COMPANY),COL REG. COTON,exact,https://hlzmzadbygyizbdzhvkb.supabase.co/storage/v1/object/public/product-images/20506245/20506245_1.jpg | https://hlzmzadbygyizbdzhvkb.supabase.co/storage/v1/object/public/product-images/20506245/20506245_2.jpg | https://hlzmzadbygyizbdzhvkb.supabase.co/storage/v1/object/public/product-images/20506245/20506245_3.jpg | https://hlzmzadbygyizbdzhvkb.supabase.co/storage/v1/object/public/product-images/20506245/20506245_4.jpg
20720344,BLEND (DK COMPANY CANADA INC),COL REG. COTON,exact,https://hlzmzadbygyizbdzhvkb.supabase.co/storage/v1/object/public/product-images/20720344/20720344_1.jpg | https://hlzmzadbygyizbdzhvkb.supabase.co/storage/v1/object/public/product-images/20720344/20720344_2.jpg | https://hlzmzadbygyizbdzhvkb.supabase.co/storage/v1/object/public/product-images/20720344/20720344_3.jpg
20720424,BLEND (DK COMPANY CANADA INC),COL REG. COTON,exact,https://hlzmzadbygyizbdzhvkb.supabase.co/storage/v1/object/public/product-images/20720424/20720424_1.jpg | https://hlzmzadbygyizbdzhvkb.supabase.co/storage/v1/object/public/product-images/20720424/20720424_2.jpg | https://hlzmzadbygyizbdzhvkb.supabase.co/storage/v1/object/public/product-images/20720424/20720424_3.jpg
HR768,HORST/ANGO-MODE LTÉE (LES IMPORTATIONS),COL REG. COTON,exact,https://hlzmzadbygyizbdzhvkb.supabase.co/storage/v1/object/public/product-images/HR768/HR768_1.jpg | https://hlzmzadbygyizbdzhvkb.supabase.co/storage/v1/object/public/product-images/HR768/HR768_2.jpg | https://hlzmzadbygyizbdzhvkb.supabase.co/storage/v1/object/public/product-images/HR768/HR768_3.jpg
26CN590S,N-Z-A-  (MKimpton Inc.),COL REG. COTON,exact,https://hlzmzadbygyizbdzhvkb.supabase.co/storage/v1/object/public/product-images/26CN590S/26CN590S_1.jpg | https://hlzmzadbygyizbdzhvkb.supabase.co/storage/v1/object/public/product-images/26CN590S/26CN590S_2.jpg | https://hlzmzadbygyizbdzhvkb.supabase.co/storage/v1/object/public/product-images/26CN590S/26CN590S_3.jpg
KL1745,KLAUSS BOEHLER,COL REG. COTON,approx,https://hlzmzadbygyizbdzhvkb.supabase.co/storage/v1/object/public/product-images/KL1745/KL1745_1.jpg | https://hlzmzadbygyizbdzhvkb.supabase.co/storage/v1/object/public/product-images/KL1745/KL1745_2.jpg
33.019,A FISH NAMED FRED,COL REG. COTON,exact,https://hlzmzadbygyizbdzhvkb.supabase.co/storage/v1/object/public/product-images/33.019/33.019_1.jpg | https://hlzmzadbygyizbdzhvkb.supabase.co/storage/v1/object/public/product-images/33.019/33.019_2.jpg | https://hlzmzadbygyizbdzhvkb.supabase.co/storage/v1/object/public/product-images/33.019/33.019_3.jpg | https://hlzmzadbygyizbdzhvkb.supabase.co/storage/v1/object/public/product-images/33.019/33.019_4.jpg
33.052,A FISH NAMED FRED,COL REG. COTON,exact,https://hlzmzadbygyizbdzhvkb.supabase.co/storage/v1/object/public/product-images/33.052/33.052_1.jpg | https://hlzmzadbygyizbdzhvkb.supabase.co/storage/v1/object/public/product-images/33.052/33.052_2.jpg | https://hlzmzadbygyizbdzhvkb.supabase.co/storage/v1/object/public/product-images/33.052/33.052_3.jpg | https://hlzmzadbygyizbdzhvkb.supabase.co/storage/v1/object/public/product-images/33.052/33.052_4.jpg
33.058,A FISH NAMED FRED,COL REG. COTON,approx,https://hlzmzadbygyizbdzhvkb.supabase.co/storage/v1/object/public/product-images/33.058/33.058_1.jpg
33.063,A FISH NAMED FRED,COL REG. COTON,approx,https://hlzmzadbygyizbdzhvkb.supabase.co/storage/v1/object/public/product-images/33.063/33.063_1.jpg | https://hlzmzadbygyizbdzhvkb.supabase.co/storage/v1/object/public/product-images/33.063/33.063_2.jpg | https://hlzmzadbygyizbdzhvkb.supabase.co/storage/v1/object/public/product-images/33.063/33.063_3.jpg
CH930B,MALDO (DISTRIBUTIONS),COL REG. COTON,approx,https://hlzmzadbygyizbdzhvkb.supabase.co/storage/v1/object/public/product-images/CH930B/CH930B_1.jpg | https://hlzmzadbygyizbdzhvkb.supabase.co/storage/v1/object/public/product-images/CH930B/CH930B_2.jpg
HR7T734,HORST(ANGO MODE,COL REG. COTON,approx,https://hlzmzadbygyizbdzhvkb.supabase.co/storage/v1/object/public/product-images/HR7T734/HR7T734_1.jpg
225121T,ALPHI APPAREL GROUP  Division de 171415,COL REG. COTON,approx,https://hlzmzadbygyizbdzhvkb.supabase.co/storage/v1/object/public/product-images/225121T/225121T_1.jpg | https://hlzmzadbygyizbdzhvkb.supabase.co/storage/v1/object/public/product-images/225121T/225121T_2.jpg
33.033,A FISH NAMED FRED,COL REG. COTON/LIN,approx,https://hlzmzadbygyizbdzhvkb.supabase.co/storage/v1/object/public/product-images/33.033/33.033_1.jpg
33.053,A FISH NAMED FRED,COL REG. COTON/LIN,exact,https://hlzmzadbygyizbdzhvkb.supabase.co/storage/v1/object/public/product-images/33.053/33.053_1.jpg | https://hlzmzadbygyizbdzhvkb.supabase.co/storage/v1/object/public/product-images/33.053/33.053_2.jpg | https://hlzmzadbygyizbdzhvkb.supabase.co/storage/v1/object/public/product-images/33.053/33.053_3.jpg | https://hlzmzadbygyizbdzhvkb.supabase.co/storage/v1/object/public/product-images/33.053/33.053_4.jpg
20506238,CASUAL FRIDAY ( DKV COMPANY),COL REG. COTON/VISCOSE,exact,https://hlzmzadbygyizbdzhvkb.supabase.co/storage/v1/object/public/product-images/20506238/20506238_1.jpg
HRDL000715,HORST(ANGO MODE,COL REG. EXTENSIBLE,exact,https://hlzmzadbygyizbdzhvkb.supabase.co/storage/v1/object/public/product-images/HRDL000715/HRDL000715_1.jpg
HRDL261705,HORST(ANGO MODE,COL REG. EXTENSIBLE,exact,https://hlzmzadbygyizbdzhvkb.supabase.co/storage/v1/object/public/product-images/HRDL261705/HRDL261705_1.jpg
20506257,CASUAL FRIDAY ( DKV COMPANY),COL REG. LIN,exact,https://hlzmzadbygyizbdzhvkb.supabase.co/storage/v1/object/public/product-images/20506257/20506257_1.jpg | https://hlzmzadbygyizbdzhvkb.supabase.co/storage/v1/object/public/product-images/20506257/20506257_2.jpg | https://hlzmzadbygyizbdzhvkb.supabase.co/storage/v1/object/public/product-images/20506257/20506257_3.jpg | https://hlzmzadbygyizbdzhvkb.supabase.co/storage/v1/object/public/product-images/20506257/20506257_4.jpg
20506256,CASUAL FRIDAY ( DKV COMPANY),COL REG. LIN,exact,https://hlzmzadbygyizbdzhvkb.supabase.co/storage/v1/object/public/product-images/20506256/20506256_1.jpg | https://hlzmzadbygyizbdzhvkb.supabase.co/storage/v1/object/public/product-images/20506256/20506256_2.jpg | https://hlzmzadbygyizbdzhvkb.supabase.co/storage/v1/object/public/product-images/20506256/20506256_3.jpg
382777RZ.42,MODEXTIL INC.(REPORT),COL REG. LIN/COTON,approx,https://hlzmzadbygyizbdzhvkb.supabase.co/storage/v1/object/public/product-images/382777RZ.42/382777RZ.42_1.jpg | https://hlzmzadbygyizbdzhvkb.supabase.co/storage/v1/object/public/product-images/382777RZ.42/382777RZ.42_2.jpg
SF706,ANGO-MODE LTÉE (LES IMPORTATIONS),COL REG. POLY COTON,approx,https://hlzmzadbygyizbdzhvkb.supabase.co/storage/v1/object/public/product-images/SF706/SF706_1.jpg
26CN586S,N-Z-A-  (MKimpton Inc.),COL REG. POLY COTON,exact,https://hlzmzadbygyizbdzhvkb.supabase.co/storage/v1/object/public/product-images/26CN586S/26CN586S_1.jpg | https://hlzmzadbygyizbdzhvkb.supabase.co/storage/v1/object/public/product-images/26CN586S/26CN586S_2.jpg | https://hlzmzadbygyizbdzhvkb.supabase.co/storage/v1/object/public/product-images/26CN586S/26CN586S_3.jpg
ES1FX,CHEMISES BVD,COL REG. POLY COTON,approx,https://hlzmzadbygyizbdzhvkb.supabase.co/storage/v1/object/public/product-images/ES1FX/ES1FX_1.jpg | https://hlzmzadbygyizbdzhvkb.supabase.co/storage/v1/object/public/product-images/ES1FX/ES1FX_2.jpg
AN705T,ANGO-MODE LTÉE (LES IMPORTATIONS),COL REG. POLY COTON,approx,https://hlzmzadbygyizbdzhvkb.supabase.co/storage/v1/object/public/product-images/AN705T/AN705T_1.jpg
ER1NO,CHEMISES BVD,COL REG. POLY COTON,approx,https://hlzmzadbygyizbdzhvkb.supabase.co/storage/v1/object/public/product-images/ER1NO/ER1NO_1.jpg | https://hlzmzadbygyizbdzhvkb.supabase.co/storage/v1/object/public/product-images/ER1NO/ER1NO_2.jpg
KL7702,KLAUSS BOEHLER,COL REG. POLY COTON,approx,https://hlzmzadbygyizbdzhvkb.supabase.co/storage/v1/object/public/product-images/KL7702/KL7702_1.jpg | https://hlzmzadbygyizbdzhvkb.supabase.co/storage/v1/object/public/product-images/KL7702/KL7702_2.jpg
CH930,MALDO (DISTRIBUTIONS),COL REG. POLY COTON,exact,https://hlzmzadbygyizbdzhvkb.supabase.co/storage/v1/object/public/product-images/CH930/CH930_1.jpg | https://hlzmzadbygyizbdzhvkb.supabase.co/storage/v1/object/public/product-images/CH930/CH930_2.jpg | https://hlzmzadbygyizbdzhvkb.supabase.co/storage/v1/object/public/product-images/CH930/CH930_3.jpg
ES1FX0,CHEMISES BVD,COL REG. POLY COTON,approx,https://hlzmzadbygyizbdzhvkb.supabase.co/storage/v1/object/public/product-images/ES1FX0/ES1FX0_1.jpg | https://hlzmzadbygyizbdzhvkb.supabase.co/storage/v1/object/public/product-images/ES1FX0/ES1FX0_2.jpg
S0706,ANGO-MODE LTÉE (LES IMPORTATIONS),COL REG. POLY COTON,exact,https://hlzmzadbygyizbdzhvkb.supabase.co/storage/v1/object/public/product-images/S0706/S0706_1.jpg | https://hlzmzadbygyizbdzhvkb.supabase.co/storage/v1/object/public/product-images/S0706/S0706_2.jpg | https://hlzmzadbygyizbdzhvkb.supabase.co/storage/v1/object/public/product-images/S0706/S0706_3.jpg
HR7341,HORST(ANGO MODE,COL REG. POLY COTON,approx,https://hlzmzadbygyizbdzhvkb.supabase.co/storage/v1/object/public/product-images/HR7341/HR7341_1.jpg
SODL000720,SOUL OF LONDON,COL REG. POLY VISCOSE,exact,https://hlzmzadbygyizbdzhvkb.supabase.co/storage/v1/object/public/product-images/SODL000720/SODL000720_1.jpg
HRDL261701,HORST(ANGO MODE,COL REG. POLY/ELASTANE,exact,https://hlzmzadbygyizbdzhvkb.supabase.co/storage/v1/object/public/product-images/HRDL261701/HRDL261701_1.jpg
P261204,ALPHI (GARCIA),COL ROND COTON,exact,https://hlzmzadbygyizbdzhvkb.supabase.co/storage/v1/object/public/product-images/P261204/P261204_1.jpg
61.1100,FELLOWS,COL ROND COTON,exact,https://hlzmzadbygyizbdzhvkb.supabase.co/storage/v1/object/public/product-images/61.1100/61.1100_1.jpg | https://hlzmzadbygyizbdzhvkb.supabase.co/storage/v1/object/public/product-images/61.1100/61.1100_2.jpg | https://hlzmzadbygyizbdzhvkb.supabase.co/storage/v1/object/public/product-images/61.1100/61.1100_3.jpg
P261201,ALPHI (GARCIA),COL ROND COTON,exact,https://hlzmzadbygyizbdzhvkb.supabase.co/storage/v1/object/public/product-images/P261201/P261201_1.jpg | https://hlzmzadbygyizbdzhvkb.supabase.co/storage/v1/object/public/product-images/P261201/P261201_2.jpg
P261203,ALPHI (GARCIA),COL ROND COTON,approx,https://hlzmzadbygyizbdzhvkb.supabase.co/storage/v1/object/public/product-images/P261203/P261203_1.jpg | https://hlzmzadbygyizbdzhvkb.supabase.co/storage/v1/object/public/product-images/P261203/P261203_2.jpg | https://hlzmzadbygyizbdzhvkb.supabase.co/storage/v1/object/public/product-images/P261203/P261203_3.jpg
406004VE,MODEXTIL INC.(REPORT),COL ROND COTON,approx,https://hlzmzadbygyizbdzhvkb.supabase.co/storage/v1/object/public/product-images/406004VE/406004VE_1.jpg | https://hlzmzadbygyizbdzhvkb.supabase.co/storage/v1/object/public/product-images/406004VE/406004VE_2.jpg
251.305,THE SURFCAR (DDL INTERNATIONAL,COL ROND COTON,exact,https://hlzmzadbygyizbdzhvkb.supabase.co/storage/v1/object/public/product-images/251.305/251.305_1.jpg
33.405,A FISH NAMED FRED,COL ROND COTON,exact,https://hlzmzadbygyizbdzhvkb.supabase.co/storage/v1/object/public/product-images/33.405/33.405_1.jpg | https://hlzmzadbygyizbdzhvkb.supabase.co/storage/v1/object/public/product-images/33.405/33.405_2.jpg | https://hlzmzadbygyizbdzhvkb.supabase.co/storage/v1/object/public/product-images/33.405/33.405_3.jpg | https://hlzmzadbygyizbdzhvkb.supabase.co/storage/v1/object/public/product-images/33.405/33.405_4.jpg
20506314,CASUAL FRIDAY ( DKV COMPANY),COL ROND COTON,exact,https://hlzmzadbygyizbdzhvkb.supabase.co/storage/v1/object/public/product-images/20506314/20506314_1.jpg
20506204,CASUAL FRIDAY ( DKV COMPANY),COL ROND COTON,exact,https://hlzmzadbygyizbdzhvkb.supabase.co/storage/v1/object/public/product-images/20506204/20506204_1.jpg | https://hlzmzadbygyizbdzhvkb.supabase.co/storage/v1/object/public/product-images/20506204/20506204_2.jpg | https://hlzmzadbygyizbdzhvkb.supabase.co/storage/v1/object/public/product-images/20506204/20506204_3.jpg | https://hlzmzadbygyizbdzhvkb.supabase.co/storage/v1/object/public/product-images/20506204/20506204_4.jpg
CC01BR,MALDO (DISTRIBUTIONS),COL ROND COTON,exact,https://hlzmzadbygyizbdzhvkb.supabase.co/storage/v1/object/public/product-images/CC01BR/CC01BR_1.jpg | https://hlzmzadbygyizbdzhvkb.supabase.co/storage/v1/object/public/product-images/CC01BR/CC01BR_2.jpg | https://hlzmzadbygyizbdzhvkb.supabase.co/storage/v1/object/public/product-images/CC01BR/CC01BR_3.jpg
26AN305,N-Z-A-  (MKimpton Inc.),COL ROND COTON,exact,https://hlzmzadbygyizbdzhvkb.supabase.co/storage/v1/object/public/product-images/26AN305/26AN305_1.jpg | https://hlzmzadbygyizbdzhvkb.supabase.co/storage/v1/object/public/product-images/26AN305/26AN305_2.jpg | https://hlzmzadbygyizbdzhvkb.supabase.co/storage/v1/object/public/product-images/26AN305/26AN305_3.jpg
251.302,THE SURFCAR (DDL INTERNATIONAL,COL ROND COTON,approx,https://hlzmzadbygyizbdzhvkb.supabase.co/storage/v1/object/public/product-images/251.302/251.302_1.jpg | https://hlzmzadbygyizbdzhvkb.supabase.co/storage/v1/object/public/product-images/251.302/251.302_2.jpg
20720427,BLEND (DK COMPANY CANADA INC),COL ROND COTON,exact,https://hlzmzadbygyizbdzhvkb.supabase.co/storage/v1/object/public/product-images/20720427/20720427_1.jpg
20720352,BLEND (DK COMPANY CANADA INC),COL ROND COTON,exact,https://hlzmzadbygyizbdzhvkb.supabase.co/storage/v1/object/public/product-images/20720352/20720352_1.jpg | https://hlzmzadbygyizbdzhvkb.supabase.co/storage/v1/object/public/product-images/20720352/20720352_2.jpg | https://hlzmzadbygyizbdzhvkb.supabase.co/storage/v1/object/public/product-images/20720352/20720352_3.jpg
20506298,CASUAL FRIDAY ( DKV COMPANY),COL ROND COTON,exact,https://hlzmzadbygyizbdzhvkb.supabase.co/storage/v1/object/public/product-images/20506298/20506298_1.jpg | https://hlzmzadbygyizbdzhvkb.supabase.co/storage/v1/object/public/product-images/20506298/20506298_2.jpg
CS85GHH0,MICHAEL KORS,COL ROND COTON,approx,https://hlzmzadbygyizbdzhvkb.supabase.co/storage/v1/object/public/product-images/CS85GHH0/CS85GHH0_1.jpg | https://hlzmzadbygyizbdzhvkb.supabase.co/storage/v1/object/public/product-images/CS85GHH0/CS85GHH0_2.jpg
20506173,CASUAL FRIDAY ( DKV COMPANY),COL ROND COTON,exact,https://hlzmzadbygyizbdzhvkb.supabase.co/storage/v1/object/public/product-images/20506173/20506173_1.jpg | https://hlzmzadbygyizbdzhvkb.supabase.co/storage/v1/object/public/product-images/20506173/20506173_2.jpg | https://hlzmzadbygyizbdzhvkb.supabase.co/storage/v1/object/public/product-images/20506173/20506173_3.jpg
93101,JIMMIS CANADA INC.,COL ROND COTON,approx,https://hlzmzadbygyizbdzhvkb.supabase.co/storage/v1/object/public/product-images/93101/93101_1.jpg | https://hlzmzadbygyizbdzhvkb.supabase.co/storage/v1/object/public/product-images/93101/93101_2.jpg
CF66K292,MICHAEL KORS,COL ROND LAINE,approx,https://hlzmzadbygyizbdzhvkb.supabase.co/storage/v1/object/public/product-images/CF66K292/CF66K292_1.jpg | https://hlzmzadbygyizbdzhvkb.supabase.co/storage/v1/object/public/product-images/CF66K292/CF66K292_2.jpg
CF1601Y2DG,MICHAEL KORS,COL ROND MERINO,exact,https://hlzmzadbygyizbdzhvkb.supabase.co/storage/v1/object/public/product-images/CF1601Y2DG/CF1601Y2DG_1.jpg | https://hlzmzadbygyizbdzhvkb.supabase.co/storage/v1/object/public/product-images/CF1601Y2DG/CF1601Y2DG_2.jpg | https://hlzmzadbygyizbdzhvkb.supabase.co/storage/v1/object/public/product-images/CF1601Y2DG/CF1601Y2DG_3.jpg | https://hlzmzadbygyizbdzhvkb.supabase.co/storage/v1/object/public/product-images/CF1601Y2DG/CF1601Y2DG_4.jpg
2302.04001,BRUUN STENGADE,COL ROND MERINO ACRILIQUE,exact,https://hlzmzadbygyizbdzhvkb.supabase.co/storage/v1/object/public/product-images/2302.04001/2302.04001_1.jpg
26CN720,N-Z-A-  (MKimpton Inc.),COL ROND POLY COTON,exact,https://hlzmzadbygyizbdzhvkb.supabase.co/storage/v1/object/public/product-images/26CN720/26CN720_1.jpg | https://hlzmzadbygyizbdzhvkb.supabase.co/storage/v1/object/public/product-images/26CN720/26CN720_2.jpg
20506269,CASUAL FRIDAY ( DKV COMPANY),COL ROND VISCOSE,exact,https://hlzmzadbygyizbdzhvkb.supabase.co/storage/v1/object/public/product-images/20506269/20506269_1.jpg | https://hlzmzadbygyizbdzhvkb.supabase.co/storage/v1/object/public/product-images/20506269/20506269_2.jpg | https://hlzmzadbygyizbdzhvkb.supabase.co/storage/v1/object/public/product-images/20506269/20506269_3.jpg
20504731,CASUAL FRIDAY ( DKV COMPANY),COL ROND VISCOSE,exact,https://hlzmzadbygyizbdzhvkb.supabase.co/storage/v1/object/public/product-images/20504731/20504731_1.jpg | https://hlzmzadbygyizbdzhvkb.supabase.co/storage/v1/object/public/product-images/20504731/20504731_2.jpg | https://hlzmzadbygyizbdzhvkb.supabase.co/storage/v1/object/public/product-images/20504731/20504731_3.jpg | https://hlzmzadbygyizbdzhvkb.supabase.co/storage/v1/object/public/product-images/20504731/20504731_4.jpg
CF160202DG,MICHAEL KORS,COL ROULE MERINO,exact,https://hlzmzadbygyizbdzhvkb.supabase.co/storage/v1/object/public/product-images/CF160202DG/CF160202DG_1.jpg | https://hlzmzadbygyizbdzhvkb.supabase.co/storage/v1/object/public/product-images/CF160202DG/CF160202DG_2.jpg | https://hlzmzadbygyizbdzhvkb.supabase.co/storage/v1/object/public/product-images/CF160202DG/CF160202DG_3.jpg
2302.04007,BRUUN STENGADE,COL ROULE MERINO ACRILIQUE,exact,https://hlzmzadbygyizbdzhvkb.supabase.co/storage/v1/object/public/product-images/2302.04007/2302.04007_1.jpg | https://hlzmzadbygyizbdzhvkb.supabase.co/storage/v1/object/public/product-images/2302.04007/2302.04007_2.jpg
CB96KCX4,MICHAEL KORS,COL V COTON,approx,https://hlzmzadbygyizbdzhvkb.supabase.co/storage/v1/object/public/product-images/CB96KCX4/CB96KCX4_1.jpg | https://hlzmzadbygyizbdzhvkb.supabase.co/storage/v1/object/public/product-images/CB96KCX4/CB96KCX4_2.jpg
CB95J3C,MICHAEL KORS,COL V COTON,approx,https://hlzmzadbygyizbdzhvkb.supabase.co/storage/v1/object/public/product-images/CB95J3C/CB95J3C_1.jpg | https://hlzmzadbygyizbdzhvkb.supabase.co/storage/v1/object/public/product-images/CB95J3C/CB95J3C_2.jpg
HRSS261760,HORST(ANGO MODE,COL.BOUT.NYLON,exact,https://hlzmzadbygyizbdzhvkb.supabase.co/storage/v1/object/public/product-images/HRSS261760/HRSS261760_1.jpg
HRSS261755,HORST(ANGO MODE,COL.BOUT.NYLON,exact,https://hlzmzadbygyizbdzhvkb.supabase.co/storage/v1/object/public/product-images/HRSS261755/HRSS261755_1.jpg
HRSS261761,HORST(ANGO MODE,COL.BOUT.NYLON,exact,https://hlzmzadbygyizbdzhvkb.supabase.co/storage/v1/object/public/product-images/HRSS261761/HRSS261761_1.jpg
HRSS261757,HORST(ANGO MODE,COL.BOUT.NYLON,exact,https://hlzmzadbygyizbdzhvkb.supabase.co/storage/v1/object/public/product-images/HRSS261757/HRSS261757_1.jpg
N261260,ALPHI (GARCIA),COTON OUATE,exact,https://hlzmzadbygyizbdzhvkb.supabase.co/storage/v1/object/public/product-images/N261260/N261260_1.jpg
20706980,BLEND (DK COMPANY CANADA INC),COTTON,exact,https://hlzmzadbygyizbdzhvkb.supabase.co/storage/v1/object/public/product-images/20706980/20706980_1.jpg | https://hlzmzadbygyizbdzhvkb.supabase.co/storage/v1/object/public/product-images/20706980/20706980_2.jpg | https://hlzmzadbygyizbdzhvkb.supabase.co/storage/v1/object/public/product-images/20706980/20706980_3.jpg
26CN652,N-Z-A-  (MKimpton Inc.),COURT,exact,https://hlzmzadbygyizbdzhvkb.supabase.co/storage/v1/object/public/product-images/26CN652/26CN652_1.jpg | https://hlzmzadbygyizbdzhvkb.supabase.co/storage/v1/object/public/product-images/26CN652/26CN652_2.jpg | https://hlzmzadbygyizbdzhvkb.supabase.co/storage/v1/object/public/product-images/26CN652/26CN652_3.jpg
1368010,UNDER ARMOUR,COUVRE-VISAGE,exact,https://hlzmzadbygyizbdzhvkb.supabase.co/storage/v1/object/public/product-images/1368010/1368010_1.jpg | https://hlzmzadbygyizbdzhvkb.supabase.co/storage/v1/object/public/product-images/1368010/1368010_2.jpg | https://hlzmzadbygyizbdzhvkb.supabase.co/storage/v1/object/public/product-images/1368010/1368010_3.jpg
3020.6T,KNOTZ,CRAVATE POLY/SOIE,approx,https://hlzmzadbygyizbdzhvkb.supabase.co/storage/v1/object/public/product-images/3020.6T/3020.6T_1.jpg | https://hlzmzadbygyizbdzhvkb.supabase.co/storage/v1/object/public/product-images/3020.6T/3020.6T_2.jpg
3015.8.T,KNOTZ,CRAVATE POLY/SOIE,approx,https://hlzmzadbygyizbdzhvkb.supabase.co/storage/v1/object/public/product-images/3015.8.T/3015.8.T_1.jpg | https://hlzmzadbygyizbdzhvkb.supabase.co/storage/v1/object/public/product-images/3015.8.T/3015.8.T_2.jpg
3015.11T,KNOTZ,CRAVATE POLY/SOIE,approx,https://hlzmzadbygyizbdzhvkb.supabase.co/storage/v1/object/public/product-images/3015.11T/3015.11T_1.jpg | https://hlzmzadbygyizbdzhvkb.supabase.co/storage/v1/object/public/product-images/3015.11T/3015.11T_2.jpg
3015.8T,KNOTZ,CRAVATE POLY/SOIE,approx,https://hlzmzadbygyizbdzhvkb.supabase.co/storage/v1/object/public/product-images/3015.8T/3015.8T_1.jpg | https://hlzmzadbygyizbdzhvkb.supabase.co/storage/v1/object/public/product-images/3015.8T/3015.8T_2.jpg
CB100105,DYNAMIQUE 9,CRÈME CUIR,approx,https://hlzmzadbygyizbdzhvkb.supabase.co/storage/v1/object/public/product-images/CB100105/CB100105_1.jpg | https://hlzmzadbygyizbdzhvkb.supabase.co/storage/v1/object/public/product-images/CB100105/CB100105_2.jpg
SG120100,DYNAMIQUE 9,CRÈME CUIR,approx,https://hlzmzadbygyizbdzhvkb.supabase.co/storage/v1/object/public/product-images/SG120100/SG120100_1.jpg | https://hlzmzadbygyizbdzhvkb.supabase.co/storage/v1/object/public/product-images/SG120100/SG120100_2.jpg
SG500100,DYNAMIQUE 9,CRÈME CUIR,approx,https://hlzmzadbygyizbdzhvkb.supabase.co/storage/v1/object/public/product-images/SG500100/SG500100_1.jpg | https://hlzmzadbygyizbdzhvkb.supabase.co/storage/v1/object/public/product-images/SG500100/SG500100_2.jpg
OI200301,DYNAMIQUE 9,CRÈME CUIR,approx,https://hlzmzadbygyizbdzhvkb.supabase.co/storage/v1/object/public/product-images/OI200301/OI200301_1.jpg | https://hlzmzadbygyizbdzhvkb.supabase.co/storage/v1/object/public/product-images/OI200301/OI200301_2.jpg
CA200100,DYNAMIQUE 9,CRÈME CUIR,approx,https://hlzmzadbygyizbdzhvkb.supabase.co/storage/v1/object/public/product-images/CA200100/CA200100_1.jpg | https://hlzmzadbygyizbdzhvkb.supabase.co/storage/v1/object/public/product-images/CA200100/CA200100_2.jpg
OI200300,DYNAMIQUE 9,CRÈME CUIR,approx,https://hlzmzadbygyizbdzhvkb.supabase.co/storage/v1/object/public/product-images/OI200300/OI200300_1.jpg | https://hlzmzadbygyizbdzhvkb.supabase.co/storage/v1/object/public/product-images/OI200300/OI200300_2.jpg
OI200303,DYNAMIQUE 9,CRÈME CUIR,approx,https://hlzmzadbygyizbdzhvkb.supabase.co/storage/v1/object/public/product-images/OI200303/OI200303_1.jpg | https://hlzmzadbygyizbdzhvkb.supabase.co/storage/v1/object/public/product-images/OI200303/OI200303_2.jpg
TENDERLY,DYNAMIQUE 9,CRÈME CUIR,approx,https://hlzmzadbygyizbdzhvkb.supabase.co/storage/v1/object/public/product-images/TENDERLY/TENDERLY_1.jpg | https://hlzmzadbygyizbdzhvkb.supabase.co/storage/v1/object/public/product-images/TENDERLY/TENDERLY_2.jpg
TF140100,DYNAMIQUE 9,CRÈME CUIR,approx,https://hlzmzadbygyizbdzhvkb.supabase.co/storage/v1/object/public/product-images/TF140100/TF140100_1.jpg | https://hlzmzadbygyizbdzhvkb.supabase.co/storage/v1/object/public/product-images/TF140100/TF140100_2.jpg
UR140100,DYNAMIQUE 9,CRÈME CUIR,approx,https://hlzmzadbygyizbdzhvkb.supabase.co/storage/v1/object/public/product-images/UR140100/UR140100_1.jpg | https://hlzmzadbygyizbdzhvkb.supabase.co/storage/v1/object/public/product-images/UR140100/UR140100_2.jpg
UR140101,DYNAMIQUE 9,CRÈME CUIR,approx,https://hlzmzadbygyizbdzhvkb.supabase.co/storage/v1/object/public/product-images/UR140101/UR140101_1.jpg | https://hlzmzadbygyizbdzhvkb.supabase.co/storage/v1/object/public/product-images/UR140101/UR140101_2.jpg
UR140102,DYNAMIQUE 9,CRÈME CUIR,approx,https://hlzmzadbygyizbdzhvkb.supabase.co/storage/v1/object/public/product-images/UR140102/UR140102_1.jpg | https://hlzmzadbygyizbdzhvkb.supabase.co/storage/v1/object/public/product-images/UR140102/UR140102_2.jpg
UR140103,DYNAMIQUE 9,CRÈME CUIR,approx,https://hlzmzadbygyizbdzhvkb.supabase.co/storage/v1/object/public/product-images/UR140103/UR140103_1.jpg | https://hlzmzadbygyizbdzhvkb.supabase.co/storage/v1/object/public/product-images/UR140103/UR140103_2.jpg
UR14105,DYNAMIQUE 9,CRÈME CUIR,approx,https://hlzmzadbygyizbdzhvkb.supabase.co/storage/v1/object/public/product-images/UR14105/UR14105_1.jpg | https://hlzmzadbygyizbdzhvkb.supabase.co/storage/v1/object/public/product-images/UR14105/UR14105_2.jpg
UR14106,DYNAMIQUE 9,CRÈME CUIR,approx,https://hlzmzadbygyizbdzhvkb.supabase.co/storage/v1/object/public/product-images/UR14106/UR14106_1.jpg | https://hlzmzadbygyizbdzhvkb.supabase.co/storage/v1/object/public/product-images/UR14106/UR14106_2.jpg
URAD,DYNAMIQUE 9,CRÈME CUIR,approx,https://hlzmzadbygyizbdzhvkb.supabase.co/storage/v1/object/public/product-images/URAD/URAD_1.jpg | https://hlzmzadbygyizbdzhvkb.supabase.co/storage/v1/object/public/product-images/URAD/URAD_2.jpg
CB100101,DYNAMIQUE 9,CRÈME CUIR,approx,https://hlzmzadbygyizbdzhvkb.supabase.co/storage/v1/object/public/product-images/CB100101/CB100101_1.jpg | https://hlzmzadbygyizbdzhvkb.supabase.co/storage/v1/object/public/product-images/CB100101/CB100101_2.jpg
6G514,PARIS GLOVE,CUIR DOUBLE,exact,https://hlzmzadbygyizbdzhvkb.supabase.co/storage/v1/object/public/product-images/6G514/6G514_1.jpg | https://hlzmzadbygyizbdzhvkb.supabase.co/storage/v1/object/public/product-images/6G514/6G514_2.jpg | https://hlzmzadbygyizbdzhvkb.supabase.co/storage/v1/object/public/product-images/6G514/6G514_3.jpg
AC573,ANGO-MODE LTÉE (LES IMPORTATIONS),DEBARDEUR,exact,https://hlzmzadbygyizbdzhvkb.supabase.co/storage/v1/object/public/product-images/AC573/AC573_1.jpg
JAY.SKD,AU NOIR,DENIM,exact,https://hlzmzadbygyizbdzhvkb.supabase.co/storage/v1/object/public/product-images/JAY.SKD/JAY.SKD_1.jpg | https://hlzmzadbygyizbdzhvkb.supabase.co/storage/v1/object/public/product-images/JAY.SKD/JAY.SKD_2.jpg | https://hlzmzadbygyizbdzhvkb.supabase.co/storage/v1/object/public/product-images/JAY.SKD/JAY.SKD_3.jpg | https://hlzmzadbygyizbdzhvkb.supabase.co/storage/v1/object/public/product-images/JAY.SKD/JAY.SKD_4.jpg
KL7451R,KLAUSS BOEHLER,DOUBLE POIG. COTON,approx,https://hlzmzadbygyizbdzhvkb.supabase.co/storage/v1/object/public/product-images/KL7451R/KL7451R_1.jpg | https://hlzmzadbygyizbdzhvkb.supabase.co/storage/v1/object/public/product-images/KL7451R/KL7451R_2.jpg
AC004,DYNAMIQUE 9,EFFACE SUÈDE,exact,https://hlzmzadbygyizbdzhvkb.supabase.co/storage/v1/object/public/product-images/AC004/AC004_1.jpg | https://hlzmzadbygyizbdzhvkb.supabase.co/storage/v1/object/public/product-images/AC004/AC004_2.jpg | https://hlzmzadbygyizbdzhvkb.supabase.co/storage/v1/object/public/product-images/AC004/AC004_3.jpg
TB1350,MATCH INTERNATIONAL,EPINGLE A CRAVATE,exact,https://hlzmzadbygyizbdzhvkb.supabase.co/storage/v1/object/public/product-images/TB1350/TB1350_1.jpg | https://hlzmzadbygyizbdzhvkb.supabase.co/storage/v1/object/public/product-images/TB1350/TB1350_2.jpg
85158,NUNN BUSH CANADA,ESPADRILLE,approx,https://hlzmzadbygyizbdzhvkb.supabase.co/storage/v1/object/public/product-images/85158/85158_1.jpg | https://hlzmzadbygyizbdzhvkb.supabase.co/storage/v1/object/public/product-images/85158/85158_2.jpg
MPSQ,MATCH INTERNATIONAL,ET MOUCHOIR,approx,https://hlzmzadbygyizbdzhvkb.supabase.co/storage/v1/object/public/product-images/MPSQ/MPSQ_1.jpg | https://hlzmzadbygyizbdzhvkb.supabase.co/storage/v1/object/public/product-images/MPSQ/MPSQ_2.jpg
A05F2PNP,CITADIN CLASSIQUE,EXTENSIBLE CORDUROY,approx,https://hlzmzadbygyizbdzhvkb.supabase.co/storage/v1/object/public/product-images/A05F2PNP/A05F2PNP_1.jpg | https://hlzmzadbygyizbdzhvkb.supabase.co/storage/v1/object/public/product-images/A05F2PNP/A05F2PNP_2.jpg
F01S14PSP,CITADIN CLASSIQUE,EXTENSIBLE COTON,approx,https://hlzmzadbygyizbdzhvkb.supabase.co/storage/v1/object/public/product-images/F01S14PSP/F01S14PSP_1.jpg | https://hlzmzadbygyizbdzhvkb.supabase.co/storage/v1/object/public/product-images/F01S14PSP/F01S14PSP_2.jpg
M1241M039,BALLIN INC.,EXTENSIBLE POLY COTON,approx,https://hlzmzadbygyizbdzhvkb.supabase.co/storage/v1/object/public/product-images/M1241M039/M1241M039_1.jpg | https://hlzmzadbygyizbdzhvkb.supabase.co/storage/v1/object/public/product-images/M1241M039/M1241M039_2.jpg
09S15PSP,CITADIN CLASSIQUE,EXTENSIBLE POLY COTON,approx,https://hlzmzadbygyizbdzhvkb.supabase.co/storage/v1/object/public/product-images/09S15PSP/09S15PSP_1.jpg | https://hlzmzadbygyizbdzhvkb.supabase.co/storage/v1/object/public/product-images/09S15PSP/09S15PSP_2.jpg
57S13PS,CITADIN CLASSIQUE,EXTENSIBLE POLY COTON,approx,https://hlzmzadbygyizbdzhvkb.supabase.co/storage/v1/object/public/product-images/57S13PS/57S13PS_1.jpg | https://hlzmzadbygyizbdzhvkb.supabase.co/storage/v1/object/public/product-images/57S13PS/57S13PS_2.jpg
HR839,ANGO-MODE LTÉE (LES IMPORTATIONS),EXTENSIBLE POLY COTON,approx,https://hlzmzadbygyizbdzhvkb.supabase.co/storage/v1/object/public/product-images/HR839/HR839_1.jpg
M2837M059,BALLIN INC.,EXTENSIBLE POLY COTON,approx,https://hlzmzadbygyizbdzhvkb.supabase.co/storage/v1/object/public/product-images/M2837M059/M2837M059_1.jpg | https://hlzmzadbygyizbdzhvkb.supabase.co/storage/v1/object/public/product-images/M2837M059/M2837M059_2.jpg
05S7PHTBYZ,CITADIN CLASSIQUE,EXTENSIBLE POLY COTON,approx,https://hlzmzadbygyizbdzhvkb.supabase.co/storage/v1/object/public/product-images/05S7PHTBYZ/05S7PHTBYZ_1.jpg | https://hlzmzadbygyizbdzhvkb.supabase.co/storage/v1/object/public/product-images/05S7PHTBYZ/05S7PHTBYZ_2.jpg
08F10PHT,CITADIN CLASSIQUE,EXTENSIBLE VELOUR COTELE,approx,https://hlzmzadbygyizbdzhvkb.supabase.co/storage/v1/object/public/product-images/08F10PHT/08F10PHT_1.jpg | https://hlzmzadbygyizbdzhvkb.supabase.co/storage/v1/object/public/product-images/08F10PHT/08F10PHT_2.jpg
99303OA,ARROW INC.,HABILLE CUIR REVERSIBLE,approx,https://hlzmzadbygyizbdzhvkb.supabase.co/storage/v1/object/public/product-images/99303OA/99303OA_1.jpg | https://hlzmzadbygyizbdzhvkb.supabase.co/storage/v1/object/public/product-images/99303OA/99303OA_2.jpg
10228,CUSTOM LEATHER CANADA LTD.,HABILLE CUIR UNI,approx,https://hlzmzadbygyizbdzhvkb.supabase.co/storage/v1/object/public/product-images/10228/10228_1.jpg | https://hlzmzadbygyizbdzhvkb.supabase.co/storage/v1/object/public/product-images/10228/10228_2.jpg
BP1503,MATCH INTERNATIONAL,HABILLE CUIR UNI,exact,https://hlzmzadbygyizbdzhvkb.supabase.co/storage/v1/object/public/product-images/BP1503/BP1503_1.jpg | https://hlzmzadbygyizbdzhvkb.supabase.co/storage/v1/object/public/product-images/BP1503/BP1503_2.jpg | https://hlzmzadbygyizbdzhvkb.supabase.co/storage/v1/object/public/product-images/BP1503/BP1503_3.jpg
BP5506,MATCH INTERNATIONAL,HABILLE CUIR UNI,exact,https://hlzmzadbygyizbdzhvkb.supabase.co/storage/v1/object/public/product-images/BP5506/BP5506_1.jpg | https://hlzmzadbygyizbdzhvkb.supabase.co/storage/v1/object/public/product-images/BP5506/BP5506_2.jpg
BS5512,MATCH INTERNATIONAL,HABILLE CUIR UNI,approx,https://hlzmzadbygyizbdzhvkb.supabase.co/storage/v1/object/public/product-images/BS5512/BS5512_1.jpg | https://hlzmzadbygyizbdzhvkb.supabase.co/storage/v1/object/public/product-images/BS5512/BS5512_2.jpg
06178C,ARROW INC.,HABILLE CUIR UNI,approx,https://hlzmzadbygyizbdzhvkb.supabase.co/storage/v1/object/public/product-images/06178C/06178C_1.jpg | https://hlzmzadbygyizbdzhvkb.supabase.co/storage/v1/object/public/product-images/06178C/06178C_2.jpg
B90303,,HABILLE CUIR UNI,exact,https://hlzmzadbygyizbdzhvkb.supabase.co/storage/v1/object/public/product-images/B90303/B90303_1.jpg | https://hlzmzadbygyizbdzhvkb.supabase.co/storage/v1/object/public/product-images/B90303/B90303_2.jpg | https://hlzmzadbygyizbdzhvkb.supabase.co/storage/v1/object/public/product-images/B90303/B90303_3.jpg
98418,ARROW INC.,HABILLE CUIR UNI,approx,https://hlzmzadbygyizbdzhvkb.supabase.co/storage/v1/object/public/product-images/98418/98418_1.jpg | https://hlzmzadbygyizbdzhvkb.supabase.co/storage/v1/object/public/product-images/98418/98418_2.jpg
CJ667,MEXX  HOMME,HABILLE CUIR UNI,approx,https://hlzmzadbygyizbdzhvkb.supabase.co/storage/v1/object/public/product-images/CJ667/CJ667_1.jpg | https://hlzmzadbygyizbdzhvkb.supabase.co/storage/v1/object/public/product-images/CJ667/CJ667_2.jpg
3508,DOT-LINE DESING,HABILLE DOUBLE FOND LAINE,approx,https://hlzmzadbygyizbdzhvkb.supabase.co/storage/v1/object/public/product-images/3508/3508_1.jpg | https://hlzmzadbygyizbdzhvkb.supabase.co/storage/v1/object/public/product-images/3508/3508_2.jpg
MME267,MCGREGOR HOSIERY MILLS LTD,HABILLE REGULIER COTON,approx,https://hlzmzadbygyizbdzhvkb.supabase.co/storage/v1/object/public/product-images/MME267/MME267_1.jpg | https://hlzmzadbygyizbdzhvkb.supabase.co/storage/v1/object/public/product-images/MME267/MME267_2.jpg
B9804,AXESSIMO INTERNATIONAL,HABILLE REGULIER COTON,approx,https://hlzmzadbygyizbdzhvkb.supabase.co/storage/v1/object/public/product-images/B9804/B9804_1.jpg | https://hlzmzadbygyizbdzhvkb.supabase.co/storage/v1/object/public/product-images/B9804/B9804_2.jpg
91136,MCGREGOR HOSIERY MILLS LTD,HABILLE REGULIER COTON,approx,https://hlzmzadbygyizbdzhvkb.supabase.co/storage/v1/object/public/product-images/91136/91136_1.jpg | https://hlzmzadbygyizbdzhvkb.supabase.co/storage/v1/object/public/product-images/91136/91136_2.jpg
HR011,HORST(ANGO MODE,HABILLE REGULIER COTON MERCE.,approx,https://hlzmzadbygyizbdzhvkb.supabase.co/storage/v1/object/public/product-images/HR011/HR011_1.jpg | https://hlzmzadbygyizbdzhvkb.supabase.co/storage/v1/object/public/product-images/HR011/HR011_2.jpg
HR005,HORST(ANGO MODE,HABILLE REGULIER COTON MERCE.,approx,https://hlzmzadbygyizbdzhvkb.supabase.co/storage/v1/object/public/product-images/HR005/HR005_1.jpg | https://hlzmzadbygyizbdzhvkb.supabase.co/storage/v1/object/public/product-images/HR005/HR005_2.jpg
3501,DOT-LINE DESING,HABILLE REGULIER LAINE,approx,https://hlzmzadbygyizbdzhvkb.supabase.co/storage/v1/object/public/product-images/3501/3501_1.jpg | https://hlzmzadbygyizbdzhvkb.supabase.co/storage/v1/object/public/product-images/3501/3501_2.jpg
6381,THE GREAT CANADIAN SOX CO.,HABILLE REGULIER LAINE NYLON,approx,https://hlzmzadbygyizbdzhvkb.supabase.co/storage/v1/object/public/product-images/6381/6381_1.jpg | https://hlzmzadbygyizbdzhvkb.supabase.co/storage/v1/object/public/product-images/6381/6381_2.jpg
9203VN,F.O.G.I. OF CANADA,HABILLEE,approx,https://hlzmzadbygyizbdzhvkb.supabase.co/storage/v1/object/public/product-images/9203VN/9203VN_1.jpg | https://hlzmzadbygyizbdzhvkb.supabase.co/storage/v1/object/public/product-images/9203VN/9203VN_2.jpg
CIERA,MALDO (DISTRIBUTIONS),HABIT 2 BOUTONS,approx,https://hlzmzadbygyizbdzhvkb.supabase.co/storage/v1/object/public/product-images/CIERA/CIERA_1.jpg | https://hlzmzadbygyizbdzhvkb.supabase.co/storage/v1/object/public/product-images/CIERA/CIERA_2.jpg
TORENO,MALDO (DISTRIBUTIONS),HABIT 2 BOUTONS,approx,https://hlzmzadbygyizbdzhvkb.supabase.co/storage/v1/object/public/product-images/TORENO/TORENO_1.jpg | https://hlzmzadbygyizbdzhvkb.supabase.co/storage/v1/object/public/product-images/TORENO/TORENO_2.jpg
SS71000,SOUL OF LONDON,HABIT 2 BOUTONS,exact,https://hlzmzadbygyizbdzhvkb.supabase.co/storage/v1/object/public/product-images/SS71000/SS71000_1.jpg | https://hlzmzadbygyizbdzhvkb.supabase.co/storage/v1/object/public/product-images/SS71000/SS71000_2.jpg | https://hlzmzadbygyizbdzhvkb.supabase.co/storage/v1/object/public/product-images/SS71000/SS71000_3.jpg
SOSU201114,SOUL OF LONDON,HABIT 2 BOUTONS,exact,https://hlzmzadbygyizbdzhvkb.supabase.co/storage/v1/object/public/product-images/SOSU201114/SOSU201114_1.jpg
JESSY,MALDO (DISTRIBUTIONS),HABIT 2 BOUTONS,approx,https://hlzmzadbygyizbdzhvkb.supabase.co/storage/v1/object/public/product-images/JESSY/JESSY_1.jpg | https://hlzmzadbygyizbdzhvkb.supabase.co/storage/v1/object/public/product-images/JESSY/JESSY_2.jpg
34643,JIMMIS CANADA INC.,JAM COTON,approx,https://hlzmzadbygyizbdzhvkb.supabase.co/storage/v1/object/public/product-images/34643/34643_1.jpg | https://hlzmzadbygyizbdzhvkb.supabase.co/storage/v1/object/public/product-images/34643/34643_2.jpg
HCN317ML,LE DERNIER MEC,JAQUETTE COTON,approx,https://hlzmzadbygyizbdzhvkb.supabase.co/storage/v1/object/public/product-images/HCN317ML/HCN317ML_1.jpg | https://hlzmzadbygyizbdzhvkb.supabase.co/storage/v1/object/public/product-images/HCN317ML/HCN317ML_2.jpg
X19PFT,CITADIN CLASSIQUE,JEANS EXTENSIBLE,approx,https://hlzmzadbygyizbdzhvkb.supabase.co/storage/v1/object/public/product-images/X19PFT/X19PFT_1.jpg | https://hlzmzadbygyizbdzhvkb.supabase.co/storage/v1/object/public/product-images/X19PFT/X19PFT_2.jpg
RAVEN,DIFFER JEANS,JEANS EXTENSIBLE,approx,https://hlzmzadbygyizbdzhvkb.supabase.co/storage/v1/object/public/product-images/RAVEN/RAVEN_1.jpg | https://hlzmzadbygyizbdzhvkb.supabase.co/storage/v1/object/public/product-images/RAVEN/RAVEN_2.jpg
HR800,HORST(ANGO MODE,JEANS EXTENSIBLE,approx,https://hlzmzadbygyizbdzhvkb.supabase.co/storage/v1/object/public/product-images/HR800/HR800_1.jpg
HRC317L,LE DERNIER MEC,KIMONO,approx,https://hlzmzadbygyizbdzhvkb.supabase.co/storage/v1/object/public/product-images/HRC317L/HRC317L_1.jpg | https://hlzmzadbygyizbdzhvkb.supabase.co/storage/v1/object/public/product-images/HRC317L/HRC317L_2.jpg
WM051,CUIR SÉLECTION (MODO-PEAU) HOMME,LAINE,exact,https://hlzmzadbygyizbdzhvkb.supabase.co/storage/v1/object/public/product-images/WM051/WM051_1.jpg | https://hlzmzadbygyizbdzhvkb.supabase.co/storage/v1/object/public/product-images/WM051/WM051_2.jpg | https://hlzmzadbygyizbdzhvkb.supabase.co/storage/v1/object/public/product-images/WM051/WM051_3.jpg
10225610,MAJESTIC,LONGUE COTON,approx,https://hlzmzadbygyizbdzhvkb.supabase.co/storage/v1/object/public/product-images/10225610/10225610_1.jpg | https://hlzmzadbygyizbdzhvkb.supabase.co/storage/v1/object/public/product-images/10225610/10225610_2.jpg
13112122,MAJESTIC,LONGUE COTON,exact,https://hlzmzadbygyizbdzhvkb.supabase.co/storage/v1/object/public/product-images/13112122/13112122_1.jpg
13116120,MAJESTIC,LONGUE COTON,approx,https://hlzmzadbygyizbdzhvkb.supabase.co/storage/v1/object/public/product-images/13116120/13116120_1.jpg | https://hlzmzadbygyizbdzhvkb.supabase.co/storage/v1/object/public/product-images/13116120/13116120_2.jpg
HRC319,LE DERNIER MEC,LONGUE POLY COTON,approx,https://hlzmzadbygyizbdzhvkb.supabase.co/storage/v1/object/public/product-images/HRC319/HRC319_1.jpg | https://hlzmzadbygyizbdzhvkb.supabase.co/storage/v1/object/public/product-images/HRC319/HRC319_2.jpg
LUNETTE,CREATIONS YAROX,LUNETTE,exact,https://hlzmzadbygyizbdzhvkb.supabase.co/storage/v1/object/public/product-images/LUNETTE/LUNETTE_1.jpg | https://hlzmzadbygyizbdzhvkb.supabase.co/storage/v1/object/public/product-images/LUNETTE/LUNETTE_2.jpg | https://hlzmzadbygyizbdzhvkb.supabase.co/storage/v1/object/public/product-images/LUNETTE/LUNETTE_3.jpg
26S02B5,SAXX,MAILLOT COURT,exact,https://hlzmzadbygyizbdzhvkb.supabase.co/storage/v1/object/public/product-images/26S02B5/26S02B5_1.jpg | https://hlzmzadbygyizbdzhvkb.supabase.co/storage/v1/object/public/product-images/26S02B5/26S02B5_2.jpg | https://hlzmzadbygyizbdzhvkb.supabase.co/storage/v1/object/public/product-images/26S02B5/26S02B5_3.jpg | https://hlzmzadbygyizbdzhvkb.supabase.co/storage/v1/object/public/product-images/26S02B5/26S02B5_4.jpg
26CN651B2,N-Z-A-  (MKimpton Inc.),MAILLOT COURT,exact,https://hlzmzadbygyizbdzhvkb.supabase.co/storage/v1/object/public/product-images/26CN651B2/26CN651B2_1.jpg | https://hlzmzadbygyizbdzhvkb.supabase.co/storage/v1/object/public/product-images/26CN651B2/26CN651B2_2.jpg
26S13B6,SAXX,MAILLOT COURT,exact,https://hlzmzadbygyizbdzhvkb.supabase.co/storage/v1/object/public/product-images/26S13B6/26S13B6_1.jpg | https://hlzmzadbygyizbdzhvkb.supabase.co/storage/v1/object/public/product-images/26S13B6/26S13B6_2.jpg | https://hlzmzadbygyizbdzhvkb.supabase.co/storage/v1/object/public/product-images/26S13B6/26S13B6_3.jpg | https://hlzmzadbygyizbdzhvkb.supabase.co/storage/v1/object/public/product-images/26S13B6/26S13B6_4.jpg
SXSW04L,SAXX,MAILLOT COURT,exact,https://hlzmzadbygyizbdzhvkb.supabase.co/storage/v1/object/public/product-images/SXSW04L/SXSW04L_1.jpg | https://hlzmzadbygyizbdzhvkb.supabase.co/storage/v1/object/public/product-images/SXSW04L/SXSW04L_2.jpg | https://hlzmzadbygyizbdzhvkb.supabase.co/storage/v1/object/public/product-images/SXSW04L/SXSW04L_3.jpg | https://hlzmzadbygyizbdzhvkb.supabase.co/storage/v1/object/public/product-images/SXSW04L/SXSW04L_4.jpg
GJ510909,ALPHI (GARCIA),MANT. NYLON,approx,https://hlzmzadbygyizbdzhvkb.supabase.co/storage/v1/object/public/product-images/GJ510909/GJ510909_1.jpg | https://hlzmzadbygyizbdzhvkb.supabase.co/storage/v1/object/public/product-images/GJ510909/GJ510909_2.jpg | https://hlzmzadbygyizbdzhvkb.supabase.co/storage/v1/object/public/product-images/GJ510909/GJ510909_3.jpg
GJ2610202,ALPHI (GARCIA),MANT.NYLON,exact,https://hlzmzadbygyizbdzhvkb.supabase.co/storage/v1/object/public/product-images/GJ2610202/GJ2610202_1.jpg | https://hlzmzadbygyizbdzhvkb.supabase.co/storage/v1/object/public/product-images/GJ2610202/GJ2610202_2.jpg | https://hlzmzadbygyizbdzhvkb.supabase.co/storage/v1/object/public/product-images/GJ2610202/GJ2610202_3.jpg
SL1115.S.T,KNOTZ,MICROFIBRE,approx,https://hlzmzadbygyizbdzhvkb.supabase.co/storage/v1/object/public/product-images/SL1115.S.T/SL1115.S.T_1.jpg | https://hlzmzadbygyizbdzhvkb.supabase.co/storage/v1/object/public/product-images/SL1115.S.T/SL1115.S.T_2.jpg
PSQ100,KNOTZ,MOUCHOIR POLY COTON,exact,https://hlzmzadbygyizbdzhvkb.supabase.co/storage/v1/object/public/product-images/PSQ100/PSQ100_1.jpg | https://hlzmzadbygyizbdzhvkb.supabase.co/storage/v1/object/public/product-images/PSQ100/PSQ100_2.jpg | https://hlzmzadbygyizbdzhvkb.supabase.co/storage/v1/object/public/product-images/PSQ100/PSQ100_3.jpg
BRAE04,BRAEMORE,MOUCHOIR SOIE,approx,https://hlzmzadbygyizbdzhvkb.supabase.co/storage/v1/object/public/product-images/BRAE04/BRAE04_1.jpg | https://hlzmzadbygyizbdzhvkb.supabase.co/storage/v1/object/public/product-images/BRAE04/BRAE04_2.jpg
PO2755,L` UNIVERS MASCULIN,MOUCHOIR SOIE,approx,https://hlzmzadbygyizbdzhvkb.supabase.co/storage/v1/object/public/product-images/PO2755/PO2755_1.jpg | https://hlzmzadbygyizbdzhvkb.supabase.co/storage/v1/object/public/product-images/PO2755/PO2755_2.jpg
C.PSQ3000,KNOTZ,MOUCHOIR SOIE,approx,https://hlzmzadbygyizbdzhvkb.supabase.co/storage/v1/object/public/product-images/C.PSQ3000/C.PSQ3000_1.jpg | https://hlzmzadbygyizbdzhvkb.supabase.co/storage/v1/object/public/product-images/C.PSQ3000/C.PSQ3000_2.jpg
CARRE7,EROS CLOTHING,MOUCHOIR SOIE,approx,https://hlzmzadbygyizbdzhvkb.supabase.co/storage/v1/object/public/product-images/CARRE7/CARRE7_1.jpg | https://hlzmzadbygyizbdzhvkb.supabase.co/storage/v1/object/public/product-images/CARRE7/CARRE7_2.jpg
MOUCHOIR5,MALDO (DISTRIBUTIONS),MOUCHOIR SOIE,approx,https://hlzmzadbygyizbdzhvkb.supabase.co/storage/v1/object/public/product-images/MOUCHOIR5/MOUCHOIR5_1.jpg | https://hlzmzadbygyizbdzhvkb.supabase.co/storage/v1/object/public/product-images/MOUCHOIR5/MOUCHOIR5_2.jpg
C.BT3000,KNOTZ,NOEUD BTE,approx,https://hlzmzadbygyizbdzhvkb.supabase.co/storage/v1/object/public/product-images/C.BT3000/C.BT3000_1.jpg | https://hlzmzadbygyizbdzhvkb.supabase.co/storage/v1/object/public/product-images/C.BT3000/C.BT3000_2.jpg
CANARYL,CREATIONS YAROX,NOEUD PAPILLON,approx,https://hlzmzadbygyizbdzhvkb.supabase.co/storage/v1/object/public/product-images/CANARYL/CANARYL_1.jpg | https://hlzmzadbygyizbdzhvkb.supabase.co/storage/v1/object/public/product-images/CANARYL/CANARYL_2.jpg
CHIC SIGNATURE,CREATIONS YAROX,NOEUD PAPILLON,approx,https://hlzmzadbygyizbdzhvkb.supabase.co/storage/v1/object/public/product-images/CHIC_SIGNATURE/CHIC_SIGNATURE_1.jpg | https://hlzmzadbygyizbdzhvkb.supabase.co/storage/v1/object/public/product-images/CHIC_SIGNATURE/CHIC_SIGNATURE_2.jpg
MOSAIQUE ZEBRAN,CREATIONS YAROX,NOEUD PAPILLON,approx,https://hlzmzadbygyizbdzhvkb.supabase.co/storage/v1/object/public/product-images/MOSAIQUE_ZEBRAN/MOSAIQUE_ZEBRAN_1.jpg | https://hlzmzadbygyizbdzhvkb.supabase.co/storage/v1/object/public/product-images/MOSAIQUE_ZEBRAN/MOSAIQUE_ZEBRAN_2.jpg
WENGÉ LUCIOLE,CREATIONS YAROX,NOEUD PAPILLON,approx,https://hlzmzadbygyizbdzhvkb.supabase.co/storage/v1/object/public/product-images/WENG__LUCIOLE/WENG__LUCIOLE_1.jpg | https://hlzmzadbygyizbdzhvkb.supabase.co/storage/v1/object/public/product-images/WENG__LUCIOLE/WENG__LUCIOLE_2.jpg
QUATUOR SIGN,CREATIONS YAROX,NOEUD PAPILLON,approx,https://hlzmzadbygyizbdzhvkb.supabase.co/storage/v1/object/public/product-images/QUATUOR_SIGN/QUATUOR_SIGN_1.jpg | https://hlzmzadbygyizbdzhvkb.supabase.co/storage/v1/object/public/product-images/QUATUOR_SIGN/QUATUOR_SIGN_2.jpg
SAPELLIL,CREATIONS YAROX,NOEUD PAPILLON,approx,https://hlzmzadbygyizbdzhvkb.supabase.co/storage/v1/object/public/product-images/SAPELLIL/SAPELLIL_1.jpg | https://hlzmzadbygyizbdzhvkb.supabase.co/storage/v1/object/public/product-images/SAPELLIL/SAPELLIL_2.jpg
BTS100,MATCH INTERNATIONAL,NOEUD PAPILLON,approx,https://hlzmzadbygyizbdzhvkb.supabase.co/storage/v1/object/public/product-images/BTS100/BTS100_1.jpg | https://hlzmzadbygyizbdzhvkb.supabase.co/storage/v1/object/public/product-images/BTS100/BTS100_2.jpg
BTP199,KNOTZ,NOEUD PAPILLON,exact,https://hlzmzadbygyizbdzhvkb.supabase.co/storage/v1/object/public/product-images/BTP199/BTP199_1.jpg | https://hlzmzadbygyizbdzhvkb.supabase.co/storage/v1/object/public/product-images/BTP199/BTP199_2.jpg
BT626,KNOTZ,NOEUD PAPILLON,approx,https://hlzmzadbygyizbdzhvkb.supabase.co/storage/v1/object/public/product-images/BT626/BT626_1.jpg | https://hlzmzadbygyizbdzhvkb.supabase.co/storage/v1/object/public/product-images/BT626/BT626_2.jpg
BT620,KNOTZ,NOEUD PAPILLON,exact,https://hlzmzadbygyizbdzhvkb.supabase.co/storage/v1/object/public/product-images/BT620/BT620_1.jpg | https://hlzmzadbygyizbdzhvkb.supabase.co/storage/v1/object/public/product-images/BT620/BT620_2.jpg | https://hlzmzadbygyizbdzhvkb.supabase.co/storage/v1/object/public/product-images/BT620/BT620_3.jpg
BT618P,KNOTZ,NOEUD PAPILLON,approx,https://hlzmzadbygyizbdzhvkb.supabase.co/storage/v1/object/public/product-images/BT618P/BT618P_1.jpg | https://hlzmzadbygyizbdzhvkb.supabase.co/storage/v1/object/public/product-images/BT618P/BT618P_2.jpg
BT3000,KNOTZ,NOEUD PAPILLON,approx,https://hlzmzadbygyizbdzhvkb.supabase.co/storage/v1/object/public/product-images/BT3000/BT3000_1.jpg | https://hlzmzadbygyizbdzhvkb.supabase.co/storage/v1/object/public/product-images/BT3000/BT3000_2.jpg
BT240,KNOTZ,NOEUD PAPILLON,exact,https://hlzmzadbygyizbdzhvkb.supabase.co/storage/v1/object/public/product-images/BT240/BT240_1.jpg
BT123,KNOTZ,NOEUD PAPILLON,approx,https://hlzmzadbygyizbdzhvkb.supabase.co/storage/v1/object/public/product-images/BT123/BT123_1.jpg | https://hlzmzadbygyizbdzhvkb.supabase.co/storage/v1/object/public/product-images/BT123/BT123_2.jpg
BT122,KNOTZ,NOEUD PAPILLON,approx,https://hlzmzadbygyizbdzhvkb.supabase.co/storage/v1/object/public/product-images/BT122/BT122_1.jpg | https://hlzmzadbygyizbdzhvkb.supabase.co/storage/v1/object/public/product-images/BT122/BT122_2.jpg
BOSTON SIGN,CREATIONS YAROX,NOEUD PAPILLON,approx,https://hlzmzadbygyizbdzhvkb.supabase.co/storage/v1/object/public/product-images/BOSTON_SIGN/BOSTON_SIGN_1.jpg | https://hlzmzadbygyizbdzhvkb.supabase.co/storage/v1/object/public/product-images/BOSTON_SIGN/BOSTON_SIGN_2.jpg
ZEBRANO L,CREATIONS YAROX,NOEUD PAPILLON,approx,https://hlzmzadbygyizbdzhvkb.supabase.co/storage/v1/object/public/product-images/ZEBRANO_L/ZEBRANO_L_1.jpg | https://hlzmzadbygyizbdzhvkb.supabase.co/storage/v1/object/public/product-images/ZEBRANO_L/ZEBRANO_L_2.jpg
M9450,MATCH INTERNATIONAL,NOEUD PAPILLON A CROCHET,exact,https://hlzmzadbygyizbdzhvkb.supabase.co/storage/v1/object/public/product-images/M9450/M9450_1.jpg | https://hlzmzadbygyizbdzhvkb.supabase.co/storage/v1/object/public/product-images/M9450/M9450_2.jpg
20706982,BLEND (DK COMPANY CANADA INC),PANT COTON,exact,https://hlzmzadbygyizbdzhvkb.supabase.co/storage/v1/object/public/product-images/20706982/20706982_1.jpg | https://hlzmzadbygyizbdzhvkb.supabase.co/storage/v1/object/public/product-images/20706982/20706982_2.jpg | https://hlzmzadbygyizbdzhvkb.supabase.co/storage/v1/object/public/product-images/20706982/20706982_3.jpg
HR888,HORST(ANGO MODE,PANT SANS PLI,approx,https://hlzmzadbygyizbdzhvkb.supabase.co/storage/v1/object/public/product-images/HR888/HR888_1.jpg
56S6PNP,CITADIN CLASSIQUE,PANT SANS PLI,approx,https://hlzmzadbygyizbdzhvkb.supabase.co/storage/v1/object/public/product-images/56S6PNP/56S6PNP_1.jpg | https://hlzmzadbygyizbdzhvkb.supabase.co/storage/v1/object/public/product-images/56S6PNP/56S6PNP_2.jpg
HRDP181110,HORST(ANGO MODE,PANT. A PLI,exact,https://hlzmzadbygyizbdzhvkb.supabase.co/storage/v1/object/public/product-images/HRDP181110/HRDP181110_1.jpg
X20PNP,CITADIN CLASSIQUE,PANT. JEANS,approx,https://hlzmzadbygyizbdzhvkb.supabase.co/storage/v1/object/public/product-images/X20PNP/X20PNP_1.jpg | https://hlzmzadbygyizbdzhvkb.supabase.co/storage/v1/object/public/product-images/X20PNP/X20PNP_2.jpg
X99PFTLR,CITADIN CLASSIQUE,PANT. POLY SS PLIS,approx,https://hlzmzadbygyizbdzhvkb.supabase.co/storage/v1/object/public/product-images/X99PFTLR/X99PFTLR_1.jpg | https://hlzmzadbygyizbdzhvkb.supabase.co/storage/v1/object/public/product-images/X99PFTLR/X99PFTLR_2.jpg
M0341092R,BALLIN INC.,PANT. POLY SS PLIS,approx,https://hlzmzadbygyizbdzhvkb.supabase.co/storage/v1/object/public/product-images/M0341092R/M0341092R_1.jpg | https://hlzmzadbygyizbdzhvkb.supabase.co/storage/v1/object/public/product-images/M0341092R/M0341092R_2.jpg
X33PNP,CITADIN CLASSIQUE,PANT. POLYLAI SS PLIS,approx,https://hlzmzadbygyizbdzhvkb.supabase.co/storage/v1/object/public/product-images/X33PNP/X33PNP_1.jpg | https://hlzmzadbygyizbdzhvkb.supabase.co/storage/v1/object/public/product-images/X33PNP/X33PNP_2.jpg
PICCOLI.WESSON,AU NOIR,PANT.POLY,exact,https://hlzmzadbygyizbdzhvkb.supabase.co/storage/v1/object/public/product-images/PICCOLI.WESSON/PICCOLI.WESSON_1.jpg | https://hlzmzadbygyizbdzhvkb.supabase.co/storage/v1/object/public/product-images/PICCOLI.WESSON/PICCOLI.WESSON_2.jpg | https://hlzmzadbygyizbdzhvkb.supabase.co/storage/v1/object/public/product-images/PICCOLI.WESSON/PICCOLI.WESSON_3.jpg | https://hlzmzadbygyizbdzhvkb.supabase.co/storage/v1/object/public/product-images/PICCOLI.WESSON/PICCOLI.WESSON_4.jpg | https://hlzmzadbygyizbdzhvkb.supabase.co/storage/v1/object/public/product-images/PICCOLI.WESSON/PICCOLI.WESSON_5.jpg
57S13PSPBY,CITADIN CLASSIQUE,PANT.POLY/COTON,approx,https://hlzmzadbygyizbdzhvkb.supabase.co/storage/v1/object/public/product-images/57S13PSPBY/57S13PSPBY_1.jpg | https://hlzmzadbygyizbdzhvkb.supabase.co/storage/v1/object/public/product-images/57S13PSPBY/57S13PSPBY_2.jpg
HTV317ML,LE DERNIER MEC,PANTAJAMA COTON,approx,https://hlzmzadbygyizbdzhvkb.supabase.co/storage/v1/object/public/product-images/HTV317ML/HTV317ML_1.jpg | https://hlzmzadbygyizbdzhvkb.supabase.co/storage/v1/object/public/product-images/HTV317ML/HTV317ML_2.jpg
13112160,MAJESTIC,PANTALON COURT,approx,https://hlzmzadbygyizbdzhvkb.supabase.co/storage/v1/object/public/product-images/13112160/13112160_1.jpg | https://hlzmzadbygyizbdzhvkb.supabase.co/storage/v1/object/public/product-images/13112160/13112160_2.jpg
HPN317,LE DERNIER MEC,PANTALON DETENTE,approx,https://hlzmzadbygyizbdzhvkb.supabase.co/storage/v1/object/public/product-images/HPN317/HPN317_1.jpg | https://hlzmzadbygyizbdzhvkb.supabase.co/storage/v1/object/public/product-images/HPN317/HPN317_2.jpg
4064,JIM (SPÉCIAL NOËL 2012),PANTOUFLE,approx,https://hlzmzadbygyizbdzhvkb.supabase.co/storage/v1/object/public/product-images/4064/4064_1.jpg | https://hlzmzadbygyizbdzhvkb.supabase.co/storage/v1/object/public/product-images/4064/4064_2.jpg
4064A,A2Z,PANTOUFLE ( MULE),exact,https://hlzmzadbygyizbdzhvkb.supabase.co/storage/v1/object/public/product-images/4064A/4064A_1.jpg | https://hlzmzadbygyizbdzhvkb.supabase.co/storage/v1/object/public/product-images/4064A/4064A_2.jpg | https://hlzmzadbygyizbdzhvkb.supabase.co/storage/v1/object/public/product-images/4064A/4064A_3.jpg
4124008,BARBO,PANTOUFLE ( MULE),approx,https://hlzmzadbygyizbdzhvkb.supabase.co/storage/v1/object/public/product-images/4124008/4124008_1.jpg | https://hlzmzadbygyizbdzhvkb.supabase.co/storage/v1/object/public/product-images/4124008/4124008_2.jpg
BOC370,PERRI'S CORPORATION,PAQUET 3,approx,https://hlzmzadbygyizbdzhvkb.supabase.co/storage/v1/object/public/product-images/BOC370/BOC370_1.jpg | https://hlzmzadbygyizbdzhvkb.supabase.co/storage/v1/object/public/product-images/BOC370/BOC370_2.jpg | https://hlzmzadbygyizbdzhvkb.supabase.co/storage/v1/object/public/product-images/BOC370/BOC370_3.jpg
COF373,PERRI'S CORPORATION,PAQUET 3,exact,https://hlzmzadbygyizbdzhvkb.supabase.co/storage/v1/object/public/product-images/COF373/COF373_1.jpg | https://hlzmzadbygyizbdzhvkb.supabase.co/storage/v1/object/public/product-images/COF373/COF373_2.jpg | https://hlzmzadbygyizbdzhvkb.supabase.co/storage/v1/object/public/product-images/COF373/COF373_3.jpg | https://hlzmzadbygyizbdzhvkb.supabase.co/storage/v1/object/public/product-images/COF373/COF373_4.jpg
ACF370,PERRI'S CORPORATION,PAQUET 3,exact,https://hlzmzadbygyizbdzhvkb.supabase.co/storage/v1/object/public/product-images/ACF370/ACF370_1.jpg | https://hlzmzadbygyizbdzhvkb.supabase.co/storage/v1/object/public/product-images/ACF370/ACF370_2.jpg | https://hlzmzadbygyizbdzhvkb.supabase.co/storage/v1/object/public/product-images/ACF370/ACF370_3.jpg
DLF371,PERRI'S CORPORATION,PAQUET 3,exact,https://hlzmzadbygyizbdzhvkb.supabase.co/storage/v1/object/public/product-images/DLF371/DLF371_1.jpg | https://hlzmzadbygyizbdzhvkb.supabase.co/storage/v1/object/public/product-images/DLF371/DLF371_2.jpg | https://hlzmzadbygyizbdzhvkb.supabase.co/storage/v1/object/public/product-images/DLF371/DLF371_3.jpg
OZF371,PERRI'S CORPORATION,PAQUET 3,exact,https://hlzmzadbygyizbdzhvkb.supabase.co/storage/v1/object/public/product-images/OZF371/OZF371_1.jpg | https://hlzmzadbygyizbdzhvkb.supabase.co/storage/v1/object/public/product-images/OZF371/OZF371_2.jpg | https://hlzmzadbygyizbdzhvkb.supabase.co/storage/v1/object/public/product-images/OZF371/OZF371_3.jpg
PACK.AF24.8,AU NOIR,PAQUET 3,approx,https://hlzmzadbygyizbdzhvkb.supabase.co/storage/v1/object/public/product-images/PACK.AF24.8/PACK.AF24.8_1.jpg | https://hlzmzadbygyizbdzhvkb.supabase.co/storage/v1/object/public/product-images/PACK.AF24.8/PACK.AF24.8_2.jpg
PACK.FA24.5,AU NOIR,PAQUET 3,approx,https://hlzmzadbygyizbdzhvkb.supabase.co/storage/v1/object/public/product-images/PACK.FA24.5/PACK.FA24.5_1.jpg | https://hlzmzadbygyizbdzhvkb.supabase.co/storage/v1/object/public/product-images/PACK.FA24.5/PACK.FA24.5_2.jpg
PFF370,PERRI'S CORPORATION,PAQUET 3,exact,https://hlzmzadbygyizbdzhvkb.supabase.co/storage/v1/object/public/product-images/PFF370/PFF370_1.jpg | https://hlzmzadbygyizbdzhvkb.supabase.co/storage/v1/object/public/product-images/PFF370/PFF370_2.jpg | https://hlzmzadbygyizbdzhvkb.supabase.co/storage/v1/object/public/product-images/PFF370/PFF370_3.jpg
RAF371,PERRI'S CORPORATION,PAQUET 3,approx,https://hlzmzadbygyizbdzhvkb.supabase.co/storage/v1/object/public/product-images/RAF371/RAF371_1.jpg | https://hlzmzadbygyizbdzhvkb.supabase.co/storage/v1/object/public/product-images/RAF371/RAF371_2.jpg | https://hlzmzadbygyizbdzhvkb.supabase.co/storage/v1/object/public/product-images/RAF371/RAF371_3.jpg
RSF370,PERRI'S CORPORATION,PAQUET 3,exact,https://hlzmzadbygyizbdzhvkb.supabase.co/storage/v1/object/public/product-images/RSF370/RSF370_1.jpg | https://hlzmzadbygyizbdzhvkb.supabase.co/storage/v1/object/public/product-images/RSF370/RSF370_2.jpg | https://hlzmzadbygyizbdzhvkb.supabase.co/storage/v1/object/public/product-images/RSF370/RSF370_3.jpg
IMF370,PERRI'S CORPORATION,PAQUET 3,exact,https://hlzmzadbygyizbdzhvkb.supabase.co/storage/v1/object/public/product-images/IMF370/IMF370_1.jpg | https://hlzmzadbygyizbdzhvkb.supabase.co/storage/v1/object/public/product-images/IMF370/IMF370_2.jpg | https://hlzmzadbygyizbdzhvkb.supabase.co/storage/v1/object/public/product-images/IMF370/IMF370_3.jpg
SIF372,PERRI'S CORPORATION,PAQUET 3,exact,https://hlzmzadbygyizbdzhvkb.supabase.co/storage/v1/object/public/product-images/SIF372/SIF372_1.jpg | https://hlzmzadbygyizbdzhvkb.supabase.co/storage/v1/object/public/product-images/SIF372/SIF372_2.jpg | https://hlzmzadbygyizbdzhvkb.supabase.co/storage/v1/object/public/product-images/SIF372/SIF372_3.jpg | https://hlzmzadbygyizbdzhvkb.supabase.co/storage/v1/object/public/product-images/SIF372/SIF372_4.jpg
SLF370,PERRI'S CORPORATION,PAQUET 3,exact,https://hlzmzadbygyizbdzhvkb.supabase.co/storage/v1/object/public/product-images/SLF370/SLF370_1.jpg | https://hlzmzadbygyizbdzhvkb.supabase.co/storage/v1/object/public/product-images/SLF370/SLF370_2.jpg | https://hlzmzadbygyizbdzhvkb.supabase.co/storage/v1/object/public/product-images/SLF370/SLF370_3.jpg
SME170,PERRI'S CORPORATION,PAQUET 3,exact,https://hlzmzadbygyizbdzhvkb.supabase.co/storage/v1/object/public/product-images/SME170/SME170_1.png
BTF170,PERRI'S CORPORATION,PAQUET 3,exact,https://hlzmzadbygyizbdzhvkb.supabase.co/storage/v1/object/public/product-images/BTF170/BTF170_1.jpg | https://hlzmzadbygyizbdzhvkb.supabase.co/storage/v1/object/public/product-images/BTF170/BTF170_2.jpg | https://hlzmzadbygyizbdzhvkb.supabase.co/storage/v1/object/public/product-images/BTF170/BTF170_3.jpg
BTD170,PERRI'S CORPORATION,PAQUET 3,exact,https://hlzmzadbygyizbdzhvkb.supabase.co/storage/v1/object/public/product-images/BTD170/BTD170_1.jpg | https://hlzmzadbygyizbdzhvkb.supabase.co/storage/v1/object/public/product-images/BTD170/BTD170_2.jpg | https://hlzmzadbygyizbdzhvkb.supabase.co/storage/v1/object/public/product-images/BTD170/BTD170_3.jpg
EPA370,PERRI'S CORPORATION,PAQUET 3,exact,https://hlzmzadbygyizbdzhvkb.supabase.co/storage/v1/object/public/product-images/EPA370/EPA370_1.png
EPF371,PERRI'S CORPORATION,PAQUET 3,exact,https://hlzmzadbygyizbdzhvkb.supabase.co/storage/v1/object/public/product-images/EPF371/EPF371_1.jpg | https://hlzmzadbygyizbdzhvkb.supabase.co/storage/v1/object/public/product-images/EPF371/EPF371_2.jpg | https://hlzmzadbygyizbdzhvkb.supabase.co/storage/v1/object/public/product-images/EPF371/EPF371_3.jpg
TRF372,PERRI'S CORPORATION,PAQUET 3,exact,https://hlzmzadbygyizbdzhvkb.supabase.co/storage/v1/object/public/product-images/TRF372/TRF372_1.jpg | https://hlzmzadbygyizbdzhvkb.supabase.co/storage/v1/object/public/product-images/TRF372/TRF372_2.jpg | https://hlzmzadbygyizbdzhvkb.supabase.co/storage/v1/object/public/product-images/TRF372/TRF372_3.jpg
TUE370,PERRI'S CORPORATION,PAQUET 3,exact,https://hlzmzadbygyizbdzhvkb.supabase.co/storage/v1/object/public/product-images/TUE370/TUE370_1.jpg | https://hlzmzadbygyizbdzhvkb.supabase.co/storage/v1/object/public/product-images/TUE370/TUE370_2.jpg | https://hlzmzadbygyizbdzhvkb.supabase.co/storage/v1/object/public/product-images/TUE370/TUE370_3.jpg
FGF370,PERRI'S CORPORATION,PAQUET 3,exact,https://hlzmzadbygyizbdzhvkb.supabase.co/storage/v1/object/public/product-images/FGF370/FGF370_1.jpg | https://hlzmzadbygyizbdzhvkb.supabase.co/storage/v1/object/public/product-images/FGF370/FGF370_2.jpg | https://hlzmzadbygyizbdzhvkb.supabase.co/storage/v1/object/public/product-images/FGF370/FGF370_3.jpg
KSA370,PERRI'S CORPORATION,PAQUET 3,exact,https://hlzmzadbygyizbdzhvkb.supabase.co/storage/v1/object/public/product-images/KSA370/KSA370_1.png
COF370,PERRI'S CORPORATION,PAQUET 6,exact,https://hlzmzadbygyizbdzhvkb.supabase.co/storage/v1/object/public/product-images/COF370/COF370_1.jpg | https://hlzmzadbygyizbdzhvkb.supabase.co/storage/v1/object/public/product-images/COF370/COF370_2.jpg | https://hlzmzadbygyizbdzhvkb.supabase.co/storage/v1/object/public/product-images/COF370/COF370_3.jpg
871130,MAJESTIC,PEIGNOIR COTON,approx,https://hlzmzadbygyizbdzhvkb.supabase.co/storage/v1/object/public/product-images/871130/871130_1.jpg | https://hlzmzadbygyizbdzhvkb.supabase.co/storage/v1/object/public/product-images/871130/871130_2.jpg
6148,THE GREAT CANADIAN SOX CO.,PETIT PIED,approx,https://hlzmzadbygyizbdzhvkb.supabase.co/storage/v1/object/public/product-images/6148/6148_1.jpg | https://hlzmzadbygyizbdzhvkb.supabase.co/storage/v1/object/public/product-images/6148/6148_2.jpg
61.3662,FELLOWS,POLO COTON,exact,https://hlzmzadbygyizbdzhvkb.supabase.co/storage/v1/object/public/product-images/61.3662/61.3662_1.jpg | https://hlzmzadbygyizbdzhvkb.supabase.co/storage/v1/object/public/product-images/61.3662/61.3662_2.jpg | https://hlzmzadbygyizbdzhvkb.supabase.co/storage/v1/object/public/product-images/61.3662/61.3662_3.jpg
20720432,BLEND (DK COMPANY CANADA INC),POLO COTON,exact,https://hlzmzadbygyizbdzhvkb.supabase.co/storage/v1/object/public/product-images/20720432/20720432_1.jpg | https://hlzmzadbygyizbdzhvkb.supabase.co/storage/v1/object/public/product-images/20720432/20720432_2.jpg | https://hlzmzadbygyizbdzhvkb.supabase.co/storage/v1/object/public/product-images/20720432/20720432_3.jpg
N261243,ALPHI (GARCIA),POLO COTON,exact,https://hlzmzadbygyizbdzhvkb.supabase.co/storage/v1/object/public/product-images/N261243/N261243_1.jpg | https://hlzmzadbygyizbdzhvkb.supabase.co/storage/v1/object/public/product-images/N261243/N261243_2.jpg
P261221,ALPHI (GARCIA),POLO COTON,exact,https://hlzmzadbygyizbdzhvkb.supabase.co/storage/v1/object/public/product-images/P261221/P261221_1.jpg
P261224,ALPHI (GARCIA),POLO COTON,approx,https://hlzmzadbygyizbdzhvkb.supabase.co/storage/v1/object/public/product-images/P261224/P261224_1.jpg | https://hlzmzadbygyizbdzhvkb.supabase.co/storage/v1/object/public/product-images/P261224/P261224_2.jpg
61.3663,FELLOWS,POLO COTON,exact,https://hlzmzadbygyizbdzhvkb.supabase.co/storage/v1/object/public/product-images/61.3663/61.3663_1.jpg
20506266,CASUAL FRIDAY ( DKV COMPANY),POLO COTON,exact,https://hlzmzadbygyizbdzhvkb.supabase.co/storage/v1/object/public/product-images/20506266/20506266_1.jpg
61.3642,FELLOWS,POLO COTON,exact,https://hlzmzadbygyizbdzhvkb.supabase.co/storage/v1/object/public/product-images/61.3642/61.3642_1.jpg
26CN103,N-Z-A-  (MKimpton Inc.),POLO COTON,exact,https://hlzmzadbygyizbdzhvkb.supabase.co/storage/v1/object/public/product-images/26CN103/26CN103_1.jpg | https://hlzmzadbygyizbdzhvkb.supabase.co/storage/v1/object/public/product-images/26CN103/26CN103_2.jpg | https://hlzmzadbygyizbdzhvkb.supabase.co/storage/v1/object/public/product-images/26CN103/26CN103_3.jpg
SXCP10,SAXX,POLO POLY,exact,https://hlzmzadbygyizbdzhvkb.supabase.co/storage/v1/object/public/product-images/SXCP10/SXCP10_1.jpg | https://hlzmzadbygyizbdzhvkb.supabase.co/storage/v1/object/public/product-images/SXCP10/SXCP10_2.jpg
26AN184,N-Z-A-  (MKimpton Inc.),POLO TRICOT,exact,https://hlzmzadbygyizbdzhvkb.supabase.co/storage/v1/object/public/product-images/26AN184/26AN184_1.jpg
20505399,CASUAL FRIDAY ( DKV COMPANY),POLO TRICOT COTTON,exact,https://hlzmzadbygyizbdzhvkb.supabase.co/storage/v1/object/public/product-images/20505399/20505399_1.jpg | https://hlzmzadbygyizbdzhvkb.supabase.co/storage/v1/object/public/product-images/20505399/20505399_2.jpg | https://hlzmzadbygyizbdzhvkb.supabase.co/storage/v1/object/public/product-images/20505399/20505399_3.jpg | https://hlzmzadbygyizbdzhvkb.supabase.co/storage/v1/object/public/product-images/20505399/20505399_4.jpg
34761,JIMMIS CANADA INC.,POLOJAMA M.C. COTON,approx,https://hlzmzadbygyizbdzhvkb.supabase.co/storage/v1/object/public/product-images/34761/34761_1.jpg | https://hlzmzadbygyizbdzhvkb.supabase.co/storage/v1/object/public/product-images/34761/34761_2.jpg
13115180,MAJESTIC,POLOJAMA M.C. COTON,approx,https://hlzmzadbygyizbdzhvkb.supabase.co/storage/v1/object/public/product-images/13115180/13115180_1.jpg | https://hlzmzadbygyizbdzhvkb.supabase.co/storage/v1/object/public/product-images/13115180/13115180_2.jpg
297548,S.COHEN,POLY COTON,approx,https://hlzmzadbygyizbdzhvkb.supabase.co/storage/v1/object/public/product-images/297548/297548_1.jpg | https://hlzmzadbygyizbdzhvkb.supabase.co/storage/v1/object/public/product-images/297548/297548_2.jpg
M100A,KNOTZ,POLY VISCOSE,exact,https://hlzmzadbygyizbdzhvkb.supabase.co/storage/v1/object/public/product-images/M100A/M100A_1.jpg | https://hlzmzadbygyizbdzhvkb.supabase.co/storage/v1/object/public/product-images/M100A/M100A_2.jpg | https://hlzmzadbygyizbdzhvkb.supabase.co/storage/v1/object/public/product-images/M100A/M100A_3.jpg
BT100,KNOTZ,POLYESTER,exact,https://hlzmzadbygyizbdzhvkb.supabase.co/storage/v1/object/public/product-images/BT100/BT100_1.jpg | https://hlzmzadbygyizbdzhvkb.supabase.co/storage/v1/object/public/product-images/BT100/BT100_2.jpg | https://hlzmzadbygyizbdzhvkb.supabase.co/storage/v1/object/public/product-images/BT100/BT100_3.jpg
47180049035,BUGATTI LTEE,POLYESTER,approx,https://hlzmzadbygyizbdzhvkb.supabase.co/storage/v1/object/public/product-images/47180049035/47180049035_1.jpg | https://hlzmzadbygyizbdzhvkb.supabase.co/storage/v1/object/public/product-images/47180049035/47180049035_2.jpg
K300020,KNOTZ,POLYESTER,exact,https://hlzmzadbygyizbdzhvkb.supabase.co/storage/v1/object/public/product-images/K300020/K300020_1.jpg
M100S.1,KNOTZ,POLYESTER,exact,https://hlzmzadbygyizbdzhvkb.supabase.co/storage/v1/object/public/product-images/M100S.1/M100S.1_1.jpg | https://hlzmzadbygyizbdzhvkb.supabase.co/storage/v1/object/public/product-images/M100S.1/M100S.1_2.jpg
3200.6.T,KNOTZ,POLYESTER,approx,https://hlzmzadbygyizbdzhvkb.supabase.co/storage/v1/object/public/product-images/3200.6.T/3200.6.T_1.jpg | https://hlzmzadbygyizbdzhvkb.supabase.co/storage/v1/object/public/product-images/3200.6.T/3200.6.T_2.jpg
5940.10,T.O. LEATHER FASHIONS LTD,PORTEFEUILLE,approx,https://hlzmzadbygyizbdzhvkb.supabase.co/storage/v1/object/public/product-images/5940.10/5940.10_1.jpg | https://hlzmzadbygyizbdzhvkb.supabase.co/storage/v1/object/public/product-images/5940.10/5940.10_2.jpg
HU118505,MARY IMPORTS,PORTEFEUILLE,exact,https://hlzmzadbygyizbdzhvkb.supabase.co/storage/v1/object/public/product-images/HU118505/HU118505_1.jpg | https://hlzmzadbygyizbdzhvkb.supabase.co/storage/v1/object/public/product-images/HU118505/HU118505_2.jpg | https://hlzmzadbygyizbdzhvkb.supabase.co/storage/v1/object/public/product-images/HU118505/HU118505_3.jpg | https://hlzmzadbygyizbdzhvkb.supabase.co/storage/v1/object/public/product-images/HU118505/HU118505_4.jpg | https://hlzmzadbygyizbdzhvkb.supabase.co/storage/v1/object/public/product-images/HU118505/HU118505_5.jpg
35520,JIMMIS CANADA INC.,PYJAMA M.L. COTON,approx,https://hlzmzadbygyizbdzhvkb.supabase.co/storage/v1/object/public/product-images/35520/35520_1.jpg | https://hlzmzadbygyizbdzhvkb.supabase.co/storage/v1/object/public/product-images/35520/35520_2.jpg
35420,JIMMIS CANADA INC.,PYJAMA M.L. COTON,approx,https://hlzmzadbygyizbdzhvkb.supabase.co/storage/v1/object/public/product-images/35420/35420_1.jpg | https://hlzmzadbygyizbdzhvkb.supabase.co/storage/v1/object/public/product-images/35420/35420_2.jpg
35120X,JIMMIS CANADA INC.,PYJAMA M.L. COTON,approx,https://hlzmzadbygyizbdzhvkb.supabase.co/storage/v1/object/public/product-images/35120X/35120X_1.jpg | https://hlzmzadbygyizbdzhvkb.supabase.co/storage/v1/object/public/product-images/35120X/35120X_2.jpg
35120,JIMMIS CANADA INC.,PYJAMA M.L. COTON,approx,https://hlzmzadbygyizbdzhvkb.supabase.co/storage/v1/object/public/product-images/35120/35120_1.jpg | https://hlzmzadbygyizbdzhvkb.supabase.co/storage/v1/object/public/product-images/35120/35120_2.jpg
HTB319,LE DERNIER MEC,PYJAMA M.L. POLY COTON,approx,https://hlzmzadbygyizbdzhvkb.supabase.co/storage/v1/object/public/product-images/HTB319/HTB319_1.jpg | https://hlzmzadbygyizbdzhvkb.supabase.co/storage/v1/object/public/product-images/HTB319/HTB319_2.jpg
1871130,MAJESTIC,ROBE DE CHAMBRE,approx,https://hlzmzadbygyizbdzhvkb.supabase.co/storage/v1/object/public/product-images/1871130/1871130_1.jpg | https://hlzmzadbygyizbdzhvkb.supabase.co/storage/v1/object/public/product-images/1871130/1871130_2.jpg
SOSU000144,SOUL OF LONDON,S.B 3 BOUT POLY,exact,https://hlzmzadbygyizbdzhvkb.supabase.co/storage/v1/object/public/product-images/SOSU000144/SOSU000144_1.jpg
SOSJ000114,SOUL OF LONDON,S.B. 2 BOUT POLY,exact,https://hlzmzadbygyizbdzhvkb.supabase.co/storage/v1/object/public/product-images/SOSJ000114/SOSJ000114_1.jpg
SOSU261103,SOUL OF LONDON,S.B. 2 BOUT POLY,exact,https://hlzmzadbygyizbdzhvkb.supabase.co/storage/v1/object/public/product-images/SOSU261103/SOSU261103_1.jpg
S513B17949,BOSCO UOMO INC.,S.B. 2 BOUT POLY LAINE,approx,https://hlzmzadbygyizbdzhvkb.supabase.co/storage/v1/object/public/product-images/S513B17949/S513B17949_1.jpg | https://hlzmzadbygyizbdzhvkb.supabase.co/storage/v1/object/public/product-images/S513B17949/S513B17949_2.jpg
JESSE15215,BOSCO UOMO INC.,S.B. 2 BOUT POLY LAINE,approx,https://hlzmzadbygyizbdzhvkb.supabase.co/storage/v1/object/public/product-images/JESSE15215/JESSE15215_1.jpg | https://hlzmzadbygyizbdzhvkb.supabase.co/storage/v1/object/public/product-images/JESSE15215/JESSE15215_2.jpg
DAKO0006,DKNY,S.B. 2 BOUT. LAINE,approx,https://hlzmzadbygyizbdzhvkb.supabase.co/storage/v1/object/public/product-images/DAKO0006/DAKO0006_1.jpg | https://hlzmzadbygyizbdzhvkb.supabase.co/storage/v1/object/public/product-images/DAKO0006/DAKO0006_2.jpg
MRVE25UZ1781,CALVIN KLEIN,S.B. 2 BOUT. LAINE,approx,https://hlzmzadbygyizbdzhvkb.supabase.co/storage/v1/object/public/product-images/MRVE25UZ1781/MRVE25UZ1781_1.jpg | https://hlzmzadbygyizbdzhvkb.supabase.co/storage/v1/object/public/product-images/MRVE25UZ1781/MRVE25UZ1781_2.jpg
JOTAMABI77,C.KLEIN,S.B. 2 BOUT. LAINE,approx,https://hlzmzadbygyizbdzhvkb.supabase.co/storage/v1/object/public/product-images/JOTAMABI77/JOTAMABI77_1.jpg | https://hlzmzadbygyizbdzhvkb.supabase.co/storage/v1/object/public/product-images/JOTAMABI77/JOTAMABI77_2.jpg
MRVE25UZ1811,CALVIN KLEIN,S.B. 2 BOUT. LAINE,approx,https://hlzmzadbygyizbdzhvkb.supabase.co/storage/v1/object/public/product-images/MRVE25UZ1811/MRVE25UZ1811_1.jpg | https://hlzmzadbygyizbdzhvkb.supabase.co/storage/v1/object/public/product-images/MRVE25UZ1811/MRVE25UZ1811_2.jpg
MSP487,SAINT-HILAIRE INC (HABIT S. MARANDO),S.B. 2 BOUT. LAINE,approx,https://hlzmzadbygyizbdzhvkb.supabase.co/storage/v1/object/public/product-images/MSP487/MSP487_1.jpg | https://hlzmzadbygyizbdzhvkb.supabase.co/storage/v1/object/public/product-images/MSP487/MSP487_2.jpg
16113,BOSCO UOMO INC.,S.B. 2 BOUT. VISCOSE,approx,https://hlzmzadbygyizbdzhvkb.supabase.co/storage/v1/object/public/product-images/16113/16113_1.jpg | https://hlzmzadbygyizbdzhvkb.supabase.co/storage/v1/object/public/product-images/16113/16113_2.jpg
MABI77JOTA,C.KLEIN,S.B. 2 BOUT.LAINE,approx,https://hlzmzadbygyizbdzhvkb.supabase.co/storage/v1/object/public/product-images/MABI77JOTA/MABI77JOTA_1.jpg | https://hlzmzadbygyizbdzhvkb.supabase.co/storage/v1/object/public/product-images/MABI77JOTA/MABI77JOTA_2.jpg
TELS,PEERLESS,S.B. 3 BOUT. LAINE,approx,https://hlzmzadbygyizbdzhvkb.supabase.co/storage/v1/object/public/product-images/TELS/TELS_1.jpg | https://hlzmzadbygyizbdzhvkb.supabase.co/storage/v1/object/public/product-images/TELS/TELS_2.jpg
TOUL1770000,PEERLESS,S.B. 3 BOUT. LAINE,approx,https://hlzmzadbygyizbdzhvkb.supabase.co/storage/v1/object/public/product-images/TOUL1770000/TOUL1770000_1.jpg | https://hlzmzadbygyizbdzhvkb.supabase.co/storage/v1/object/public/product-images/TOUL1770000/TOUL1770000_2.jpg
MURJUS80001,PEERLESS,S.B. 3 BOUT. LAINE,approx,https://hlzmzadbygyizbdzhvkb.supabase.co/storage/v1/object/public/product-images/MURJUS80001/MURJUS80001_1.jpg | https://hlzmzadbygyizbdzhvkb.supabase.co/storage/v1/object/public/product-images/MURJUS80001/MURJUS80001_2.jpg
SOSU000114,SOUL OF LONDON,S.B. 3 BOUT. POLYESTER,exact,https://hlzmzadbygyizbdzhvkb.supabase.co/storage/v1/object/public/product-images/SOSU000114/SOSU000114_1.jpg
40RICKY2013V,MODEXTIL INC.(REPORT),S.B. COTON,approx,https://hlzmzadbygyizbdzhvkb.supabase.co/storage/v1/object/public/product-images/40RICKY2013V/40RICKY2013V_1.jpg | https://hlzmzadbygyizbdzhvkb.supabase.co/storage/v1/object/public/product-images/40RICKY2013V/40RICKY2013V_2.jpg
DUNCAN99832,SILVIO MARANDO ENTERPRISE,S.B. LAINE,approx,https://hlzmzadbygyizbdzhvkb.supabase.co/storage/v1/object/public/product-images/DUNCAN99832/DUNCAN99832_1.jpg | https://hlzmzadbygyizbdzhvkb.supabase.co/storage/v1/object/public/product-images/DUNCAN99832/DUNCAN99832_2.jpg
DAKO0005,DKNY,S.B. LAINE,approx,https://hlzmzadbygyizbdzhvkb.supabase.co/storage/v1/object/public/product-images/DAKO0005/DAKO0005_1.jpg | https://hlzmzadbygyizbdzhvkb.supabase.co/storage/v1/object/public/product-images/DAKO0005/DAKO0005_2.jpg
MART17WX0000,PEERLESS,S.B. LAINE,approx,https://hlzmzadbygyizbdzhvkb.supabase.co/storage/v1/object/public/product-images/MART17WX0000/MART17WX0000_1.jpg | https://hlzmzadbygyizbdzhvkb.supabase.co/storage/v1/object/public/product-images/MART17WX0000/MART17WX0000_2.jpg
ALLANZ99841,SILVIO MARANDO ENTERPRISE,S.B. LAINE,approx,https://hlzmzadbygyizbdzhvkb.supabase.co/storage/v1/object/public/product-images/ALLANZ99841/ALLANZ99841_1.jpg | https://hlzmzadbygyizbdzhvkb.supabase.co/storage/v1/object/public/product-images/ALLANZ99841/ALLANZ99841_2.jpg
X33J2OS,CITADIN CLASSIQUE,S.B. LAINE,approx,https://hlzmzadbygyizbdzhvkb.supabase.co/storage/v1/object/public/product-images/X33J2OS/X33J2OS_1.jpg | https://hlzmzadbygyizbdzhvkb.supabase.co/storage/v1/object/public/product-images/X33J2OS/X33J2OS_2.jpg
MLKA17WX000,PEERLESS,S.B. LAINE,approx,https://hlzmzadbygyizbdzhvkb.supabase.co/storage/v1/object/public/product-images/MLKA17WX000/MLKA17WX000_1.jpg | https://hlzmzadbygyizbdzhvkb.supabase.co/storage/v1/object/public/product-images/MLKA17WX000/MLKA17WX000_2.jpg
LELA12FX8300,PEERLESS,S.B. LAINE,approx,https://hlzmzadbygyizbdzhvkb.supabase.co/storage/v1/object/public/product-images/LELA12FX8300/LELA12FX8300_1.jpg | https://hlzmzadbygyizbdzhvkb.supabase.co/storage/v1/object/public/product-images/LELA12FX8300/LELA12FX8300_2.jpg
ALLAN99847,SILVIO MARANDO ENTERPRISE,S.B. LAINE,approx,https://hlzmzadbygyizbdzhvkb.supabase.co/storage/v1/object/public/product-images/ALLAN99847/ALLAN99847_1.jpg | https://hlzmzadbygyizbdzhvkb.supabase.co/storage/v1/object/public/product-images/ALLAN99847/ALLAN99847_2.jpg
DUNCAN99820,SILVIO MARANDO ENTERPRISE,S.B. LAINE,approx,https://hlzmzadbygyizbdzhvkb.supabase.co/storage/v1/object/public/product-images/DUNCAN99820/DUNCAN99820_1.jpg | https://hlzmzadbygyizbdzhvkb.supabase.co/storage/v1/object/public/product-images/DUNCAN99820/DUNCAN99820_2.jpg
20506237,CASUAL FRIDAY ( DKV COMPANY),S.B. LIN,approx,https://hlzmzadbygyizbdzhvkb.supabase.co/storage/v1/object/public/product-images/20506237/20506237_1.jpg | https://hlzmzadbygyizbdzhvkb.supabase.co/storage/v1/object/public/product-images/20506237/20506237_2.jpg
TROY,AU NOIR,S.B. POLY,exact,https://hlzmzadbygyizbdzhvkb.supabase.co/storage/v1/object/public/product-images/TROY/TROY_1.jpg | https://hlzmzadbygyizbdzhvkb.supabase.co/storage/v1/object/public/product-images/TROY/TROY_2.jpg | https://hlzmzadbygyizbdzhvkb.supabase.co/storage/v1/object/public/product-images/TROY/TROY_3.jpg | https://hlzmzadbygyizbdzhvkb.supabase.co/storage/v1/object/public/product-images/TROY/TROY_4.jpg | https://hlzmzadbygyizbdzhvkb.supabase.co/storage/v1/object/public/product-images/TROY/TROY_5.jpg
CEINTURY.PLAID,AU NOIR,S.B. POLY,exact,https://hlzmzadbygyizbdzhvkb.supabase.co/storage/v1/object/public/product-images/CEINTURY.PLAID/CEINTURY.PLAID_1.jpg | https://hlzmzadbygyizbdzhvkb.supabase.co/storage/v1/object/public/product-images/CEINTURY.PLAID/CEINTURY.PLAID_2.jpg
12126041,BEST SELLER (JACK N JONES),S.B. POLY,exact,https://hlzmzadbygyizbdzhvkb.supabase.co/storage/v1/object/public/product-images/12126041/12126041_1.jpg | https://hlzmzadbygyizbdzhvkb.supabase.co/storage/v1/object/public/product-images/12126041/12126041_2.jpg | https://hlzmzadbygyizbdzhvkb.supabase.co/storage/v1/object/public/product-images/12126041/12126041_3.jpg
JACE,AU NOIR,S.B. POLY,exact,https://hlzmzadbygyizbdzhvkb.supabase.co/storage/v1/object/public/product-images/JACE/JACE_1.jpg | https://hlzmzadbygyizbdzhvkb.supabase.co/storage/v1/object/public/product-images/JACE/JACE_2.jpg | https://hlzmzadbygyizbdzhvkb.supabase.co/storage/v1/object/public/product-images/JACE/JACE_3.jpg | https://hlzmzadbygyizbdzhvkb.supabase.co/storage/v1/object/public/product-images/JACE/JACE_4.jpg | https://hlzmzadbygyizbdzhvkb.supabase.co/storage/v1/object/public/product-images/JACE/JACE_5.jpg
HRBL181110,HORST(ANGO MODE,S.B. POLY,exact,https://hlzmzadbygyizbdzhvkb.supabase.co/storage/v1/object/public/product-images/HRBL181110/HRBL181110_1.jpg
NOAH.HOOD,AU NOIR,S.B. POLY COTON,exact,https://hlzmzadbygyizbdzhvkb.supabase.co/storage/v1/object/public/product-images/NOAH.HOOD/NOAH.HOOD_1.jpg | https://hlzmzadbygyizbdzhvkb.supabase.co/storage/v1/object/public/product-images/NOAH.HOOD/NOAH.HOOD_2.jpg | https://hlzmzadbygyizbdzhvkb.supabase.co/storage/v1/object/public/product-images/NOAH.HOOD/NOAH.HOOD_3.jpg | https://hlzmzadbygyizbdzhvkb.supabase.co/storage/v1/object/public/product-images/NOAH.HOOD/NOAH.HOOD_4.jpg | https://hlzmzadbygyizbdzhvkb.supabase.co/storage/v1/object/public/product-images/NOAH.HOOD/NOAH.HOOD_5.jpg
J80SSPRINT,MALDO (DISTRIBUTIONS),S.B. POLY COTON,approx,https://hlzmzadbygyizbdzhvkb.supabase.co/storage/v1/object/public/product-images/J80SSPRINT/J80SSPRINT_1.jpg | https://hlzmzadbygyizbdzhvkb.supabase.co/storage/v1/object/public/product-images/J80SSPRINT/J80SSPRINT_2.jpg
REMY,AU NOIR,S.B. POLY COTON,exact,https://hlzmzadbygyizbdzhvkb.supabase.co/storage/v1/object/public/product-images/REMY/REMY_1.jpg | https://hlzmzadbygyizbdzhvkb.supabase.co/storage/v1/object/public/product-images/REMY/REMY_2.jpg | https://hlzmzadbygyizbdzhvkb.supabase.co/storage/v1/object/public/product-images/REMY/REMY_3.jpg | https://hlzmzadbygyizbdzhvkb.supabase.co/storage/v1/object/public/product-images/REMY/REMY_4.jpg
DAXX,AU NOIR,S.B. POLY/VISCOSE,exact,https://hlzmzadbygyizbdzhvkb.supabase.co/storage/v1/object/public/product-images/DAXX/DAXX_1.jpg | https://hlzmzadbygyizbdzhvkb.supabase.co/storage/v1/object/public/product-images/DAXX/DAXX_2.jpg | https://hlzmzadbygyizbdzhvkb.supabase.co/storage/v1/object/public/product-images/DAXX/DAXX_3.jpg | https://hlzmzadbygyizbdzhvkb.supabase.co/storage/v1/object/public/product-images/DAXX/DAXX_4.jpg | https://hlzmzadbygyizbdzhvkb.supabase.co/storage/v1/object/public/product-images/DAXX/DAXX_5.jpg
MMLL17AX0366,CALVIN KLEIN,S.B. POLY/VISCOSE,exact,https://hlzmzadbygyizbdzhvkb.supabase.co/storage/v1/object/public/product-images/MMLL17AX0366/MMLL17AX0366_1.jpg | https://hlzmzadbygyizbdzhvkb.supabase.co/storage/v1/object/public/product-images/MMLL17AX0366/MMLL17AX0366_2.jpg
MABI17SZ0079,CALVIN KLEIN,S.B.LAINE,approx,https://hlzmzadbygyizbdzhvkb.supabase.co/storage/v1/object/public/product-images/MABI17SZ0079/MABI17SZ0079_1.jpg | https://hlzmzadbygyizbdzhvkb.supabase.co/storage/v1/object/public/product-images/MABI17SZ0079/MABI17SZ0079_2.jpg
DEKA141Y0005,DKNY,S.B.LAINE,approx,https://hlzmzadbygyizbdzhvkb.supabase.co/storage/v1/object/public/product-images/DEKA141Y0005/DEKA141Y0005_1.jpg | https://hlzmzadbygyizbdzhvkb.supabase.co/storage/v1/object/public/product-images/DEKA141Y0005/DEKA141Y0005_2.jpg
DLRO141Y0061,DKNY,S.B.LAINE,approx,https://hlzmzadbygyizbdzhvkb.supabase.co/storage/v1/object/public/product-images/DLRO141Y0061/DLRO141Y0061_1.jpg | https://hlzmzadbygyizbdzhvkb.supabase.co/storage/v1/object/public/product-images/DLRO141Y0061/DLRO141Y0061_2.jpg
DLRO141Y0062,DKNY,S.B.LAINE,approx,https://hlzmzadbygyizbdzhvkb.supabase.co/storage/v1/object/public/product-images/DLRO141Y0062/DLRO141Y0062_1.jpg | https://hlzmzadbygyizbdzhvkb.supabase.co/storage/v1/object/public/product-images/DLRO141Y0062/DLRO141Y0062_2.jpg
DEKA141Y0026,DKNY,S.B.LAINE,approx,https://hlzmzadbygyizbdzhvkb.supabase.co/storage/v1/object/public/product-images/DEKA141Y0026/DEKA141Y0026_1.jpg | https://hlzmzadbygyizbdzhvkb.supabase.co/storage/v1/object/public/product-images/DEKA141Y0026/DEKA141Y0026_2.jpg
X33J2,CITADIN CLASSIQUE,S.B.LAINE,approx,https://hlzmzadbygyizbdzhvkb.supabase.co/storage/v1/object/public/product-images/X33J2/X33J2_1.jpg | https://hlzmzadbygyizbdzhvkb.supabase.co/storage/v1/object/public/product-images/X33J2/X33J2_2.jpg
MLKA25GX0435,DKNY,S.B.LAINE,approx,https://hlzmzadbygyizbdzhvkb.supabase.co/storage/v1/object/public/product-images/MLKA25GX0435/MLKA25GX0435_1.jpg | https://hlzmzadbygyizbdzhvkb.supabase.co/storage/v1/object/public/product-images/MLKA25GX0435/MLKA25GX0435_2.jpg
ALLAN99704,SILVIO MARANDO ENTERPRISE INC.,S.B.LAINE,approx,https://hlzmzadbygyizbdzhvkb.supabase.co/storage/v1/object/public/product-images/ALLAN99704/ALLAN99704_1.jpg | https://hlzmzadbygyizbdzhvkb.supabase.co/storage/v1/object/public/product-images/ALLAN99704/ALLAN99704_2.jpg
DLRO141Y0060,DKNY,S.B.LAINE,approx,https://hlzmzadbygyizbdzhvkb.supabase.co/storage/v1/object/public/product-images/DLRO141Y0060/DLRO141Y0060_1.jpg | https://hlzmzadbygyizbdzhvkb.supabase.co/storage/v1/object/public/product-images/DLRO141Y0060/DLRO141Y0060_2.jpg
35049,JIMMIS CANADA INC.,S.V. REGULIER,approx,https://hlzmzadbygyizbdzhvkb.supabase.co/storage/v1/object/public/product-images/35049/35049_1.jpg | https://hlzmzadbygyizbdzhvkb.supabase.co/storage/v1/object/public/product-images/35049/35049_2.jpg
92571,JIMMIS CANADA INC.,S.V. T-SHIRT COL V COTON,approx,https://hlzmzadbygyizbdzhvkb.supabase.co/storage/v1/object/public/product-images/92571/92571_1.jpg | https://hlzmzadbygyizbdzhvkb.supabase.co/storage/v1/object/public/product-images/92571/92571_2.jpg
1300213,UNDER ARMOUR,SAC DE VOYAGE,exact,https://hlzmzadbygyizbdzhvkb.supabase.co/storage/v1/object/public/product-images/1300213/1300213_1.jpg | https://hlzmzadbygyizbdzhvkb.supabase.co/storage/v1/object/public/product-images/1300213/1300213_2.jpg | https://hlzmzadbygyizbdzhvkb.supabase.co/storage/v1/object/public/product-images/1300213/1300213_3.jpg
PER99820,SILVIO MARANDO ENTERPRISE,SANS PLI  LAINE,approx,https://hlzmzadbygyizbdzhvkb.supabase.co/storage/v1/object/public/product-images/PER99820/PER99820_1.jpg | https://hlzmzadbygyizbdzhvkb.supabase.co/storage/v1/object/public/product-images/PER99820/PER99820_2.jpg
DAWS0006,DKNY,SANS PLI  LAINE,approx,https://hlzmzadbygyizbdzhvkb.supabase.co/storage/v1/object/public/product-images/DAWS0006/DAWS0006_1.jpg | https://hlzmzadbygyizbdzhvkb.supabase.co/storage/v1/object/public/product-images/DAWS0006/DAWS0006_2.jpg
ELTONF1132120,SILVIO MARANDO ENTERPRISE,SANS PLI  LAINE,approx,https://hlzmzadbygyizbdzhvkb.supabase.co/storage/v1/object/public/product-images/ELTONF1132120/ELTONF1132120_1.jpg | https://hlzmzadbygyizbdzhvkb.supabase.co/storage/v1/object/public/product-images/ELTONF1132120/ELTONF1132120_2.jpg
APOLLO99841,SILVIO MARANDO ENTERPRISE,SANS PLI  LAINE,approx,https://hlzmzadbygyizbdzhvkb.supabase.co/storage/v1/object/public/product-images/APOLLO99841/APOLLO99841_1.jpg | https://hlzmzadbygyizbdzhvkb.supabase.co/storage/v1/object/public/product-images/APOLLO99841/APOLLO99841_2.jpg
APOLLO99847,SILVIO MARANDO ENTERPRISE,SANS PLI  LAINE,approx,https://hlzmzadbygyizbdzhvkb.supabase.co/storage/v1/object/public/product-images/APOLLO99847/APOLLO99847_1.jpg | https://hlzmzadbygyizbdzhvkb.supabase.co/storage/v1/object/public/product-images/APOLLO99847/APOLLO99847_2.jpg
PER99832,SILVIO MARANDO ENTERPRISE,SANS PLI  LAINE,approx,https://hlzmzadbygyizbdzhvkb.supabase.co/storage/v1/object/public/product-images/PER99832/PER99832_1.jpg | https://hlzmzadbygyizbdzhvkb.supabase.co/storage/v1/object/public/product-images/PER99832/PER99832_2.jpg
DAW0005,DKNY,SANS PLI  LAINE,approx,https://hlzmzadbygyizbdzhvkb.supabase.co/storage/v1/object/public/product-images/DAW0005/DAW0005_1.jpg | https://hlzmzadbygyizbdzhvkb.supabase.co/storage/v1/object/public/product-images/DAW0005/DAW0005_2.jpg
65S12PNP,CITADIN CLASSIQUE,SANS PLI ACRYLIQUE,approx,https://hlzmzadbygyizbdzhvkb.supabase.co/storage/v1/object/public/product-images/65S12PNP/65S12PNP_1.jpg | https://hlzmzadbygyizbdzhvkb.supabase.co/storage/v1/object/public/product-images/65S12PNP/65S12PNP_2.jpg
26AN670,N-Z-A-  (MKimpton Inc.),SANS PLI COTON,exact,https://hlzmzadbygyizbdzhvkb.supabase.co/storage/v1/object/public/product-images/26AN670/26AN670_1.jpg | https://hlzmzadbygyizbdzhvkb.supabase.co/storage/v1/object/public/product-images/26AN670/26AN670_2.jpg | https://hlzmzadbygyizbdzhvkb.supabase.co/storage/v1/object/public/product-images/26AN670/26AN670_3.jpg
20505540,CASUAL FRIDAY ( DKV COMPANY),SANS PLI COTON,exact,https://hlzmzadbygyizbdzhvkb.supabase.co/storage/v1/object/public/product-images/20505540/20505540_1.jpg | https://hlzmzadbygyizbdzhvkb.supabase.co/storage/v1/object/public/product-images/20505540/20505540_2.jpg
26CN620,N-Z-A-  (MKimpton Inc.),SANS PLI COTON,exact,https://hlzmzadbygyizbdzhvkb.supabase.co/storage/v1/object/public/product-images/26CN620/26CN620_1.jpg
1116908700,LOIS  ( HOMME),SANS PLI EXTENSIBLE,exact,https://hlzmzadbygyizbdzhvkb.supabase.co/storage/v1/object/public/product-images/1116908700/1116908700_1.jpg
DEANJDUBLIN,AU NOIR,SANS PLI EXTENSIBLE,approx,https://hlzmzadbygyizbdzhvkb.supabase.co/storage/v1/object/public/product-images/DEANJDUBLIN/DEANJDUBLIN_1.jpg | https://hlzmzadbygyizbdzhvkb.supabase.co/storage/v1/object/public/product-images/DEANJDUBLIN/DEANJDUBLIN_2.jpg | https://hlzmzadbygyizbdzhvkb.supabase.co/storage/v1/object/public/product-images/DEANJDUBLIN/DEANJDUBLIN_3.jpg
F100S10PSP,CITADIN CLASSIQUE,SANS PLI EXTENSIBLE,approx,https://hlzmzadbygyizbdzhvkb.supabase.co/storage/v1/object/public/product-images/F100S10PSP/F100S10PSP_1.jpg | https://hlzmzadbygyizbdzhvkb.supabase.co/storage/v1/object/public/product-images/F100S10PSP/F100S10PSP_2.jpg
DEANJBROOKLYN,AU NOIR,SANS PLI EXTENSIBLE,approx,https://hlzmzadbygyizbdzhvkb.supabase.co/storage/v1/object/public/product-images/DEANJBROOKLYN/DEANJBROOKLYN_1.jpg | https://hlzmzadbygyizbdzhvkb.supabase.co/storage/v1/object/public/product-images/DEANJBROOKLYN/DEANJBROOKLYN_2.jpg | https://hlzmzadbygyizbdzhvkb.supabase.co/storage/v1/object/public/product-images/DEANJBROOKLYN/DEANJBROOKLYN_3.jpg
F73S6PSP,CITADIN CLASSIQUE,SANS PLI EXTENSIBLE,approx,https://hlzmzadbygyizbdzhvkb.supabase.co/storage/v1/object/public/product-images/F73S6PSP/F73S6PSP_1.jpg | https://hlzmzadbygyizbdzhvkb.supabase.co/storage/v1/object/public/product-images/F73S6PSP/F73S6PSP_2.jpg
M3100N1,BENISTI (POINT ZÉRO),SANS PLI EXTENSIBLE,approx,https://hlzmzadbygyizbdzhvkb.supabase.co/storage/v1/object/public/product-images/M3100N1/M3100N1_1.jpg | https://hlzmzadbygyizbdzhvkb.supabase.co/storage/v1/object/public/product-images/M3100N1/M3100N1_2.jpg
F73S7PSP37,CITADIN CLASSIQUE,SANS PLI EXTENSIBLE,approx,https://hlzmzadbygyizbdzhvkb.supabase.co/storage/v1/object/public/product-images/F73S7PSP37/F73S7PSP37_1.jpg | https://hlzmzadbygyizbdzhvkb.supabase.co/storage/v1/object/public/product-images/F73S7PSP37/F73S7PSP37_2.jpg
F74F6PSP,CITADIN CLASSIQUE,SANS PLI EXTENSIBLE,approx,https://hlzmzadbygyizbdzhvkb.supabase.co/storage/v1/object/public/product-images/F74F6PSP/F74F6PSP_1.jpg | https://hlzmzadbygyizbdzhvkb.supabase.co/storage/v1/object/public/product-images/F74F6PSP/F74F6PSP_2.jpg
DEPPPD1Y0060,DKNY,SANS PLI LAINE,approx,https://hlzmzadbygyizbdzhvkb.supabase.co/storage/v1/object/public/product-images/DEPPPD1Y0060/DEPPPD1Y0060_1.jpg | https://hlzmzadbygyizbdzhvkb.supabase.co/storage/v1/object/public/product-images/DEPPPD1Y0060/DEPPPD1Y0060_2.jpg
DENTPD1Y0026,DKNY,SANS PLI LAINE,approx,https://hlzmzadbygyizbdzhvkb.supabase.co/storage/v1/object/public/product-images/DENTPD1Y0026/DENTPD1Y0026_1.jpg | https://hlzmzadbygyizbdzhvkb.supabase.co/storage/v1/object/public/product-images/DENTPD1Y0026/DENTPD1Y0026_2.jpg
DENTPD1Y0005,DKNY,SANS PLI LAINE,approx,https://hlzmzadbygyizbdzhvkb.supabase.co/storage/v1/object/public/product-images/DENTPD1Y0005/DENTPD1Y0005_1.jpg | https://hlzmzadbygyizbdzhvkb.supabase.co/storage/v1/object/public/product-images/DENTPD1Y0005/DENTPD1Y0005_2.jpg
JOTAPJ8Z0079,CALVIN KLEIN,SANS PLI LAINE,approx,https://hlzmzadbygyizbdzhvkb.supabase.co/storage/v1/object/public/product-images/JOTAPJ8Z0079/JOTAPJ8Z0079_1.jpg | https://hlzmzadbygyizbdzhvkb.supabase.co/storage/v1/object/public/product-images/JOTAPJ8Z0079/JOTAPJ8Z0079_2.jpg
20505148,CASUAL FRIDAY ( DKV COMPANY),SANS PLI LIN,exact,https://hlzmzadbygyizbdzhvkb.supabase.co/storage/v1/object/public/product-images/20505148/20505148_1.jpg | https://hlzmzadbygyizbdzhvkb.supabase.co/storage/v1/object/public/product-images/20505148/20505148_2.jpg | https://hlzmzadbygyizbdzhvkb.supabase.co/storage/v1/object/public/product-images/20505148/20505148_3.jpg
M23232047,BALLIN INC.,SANS PLI MICROFIBRE,approx,https://hlzmzadbygyizbdzhvkb.supabase.co/storage/v1/object/public/product-images/M23232047/M23232047_1.jpg | https://hlzmzadbygyizbdzhvkb.supabase.co/storage/v1/object/public/product-images/M23232047/M23232047_2.jpg
26CN631,N-Z-A-  (MKimpton Inc.),SANS PLI NYLON,exact,https://hlzmzadbygyizbdzhvkb.supabase.co/storage/v1/object/public/product-images/26CN631/26CN631_1.jpg | https://hlzmzadbygyizbdzhvkb.supabase.co/storage/v1/object/public/product-images/26CN631/26CN631_2.jpg | https://hlzmzadbygyizbdzhvkb.supabase.co/storage/v1/object/public/product-images/26CN631/26CN631_3.jpg
M2136E059,BALLIN INC.,SANS PLI POLY,approx,https://hlzmzadbygyizbdzhvkb.supabase.co/storage/v1/object/public/product-images/M2136E059/M2136E059_1.jpg | https://hlzmzadbygyizbdzhvkb.supabase.co/storage/v1/object/public/product-images/M2136E059/M2136E059_2.jpg
LIMAO.CARRERA,AU NOIR,SANS PLI POLY,exact,https://hlzmzadbygyizbdzhvkb.supabase.co/storage/v1/object/public/product-images/LIMAO.CARRERA/LIMAO.CARRERA_1.jpg | https://hlzmzadbygyizbdzhvkb.supabase.co/storage/v1/object/public/product-images/LIMAO.CARRERA/LIMAO.CARRERA_2.jpg | https://hlzmzadbygyizbdzhvkb.supabase.co/storage/v1/object/public/product-images/LIMAO.CARRERA/LIMAO.CARRERA_3.jpg | https://hlzmzadbygyizbdzhvkb.supabase.co/storage/v1/object/public/product-images/LIMAO.CARRERA/LIMAO.CARRERA_4.jpg | https://hlzmzadbygyizbdzhvkb.supabase.co/storage/v1/object/public/product-images/LIMAO.CARRERA/LIMAO.CARRERA_5.jpg
M2145E059,BALLIN INC.,SANS PLI POLY,approx,https://hlzmzadbygyizbdzhvkb.supabase.co/storage/v1/object/public/product-images/M2145E059/M2145E059_1.jpg | https://hlzmzadbygyizbdzhvkb.supabase.co/storage/v1/object/public/product-images/M2145E059/M2145E059_2.jpg
M2151E059,BALLIN INC.,SANS PLI POLY,approx,https://hlzmzadbygyizbdzhvkb.supabase.co/storage/v1/object/public/product-images/M2151E059/M2151E059_1.jpg | https://hlzmzadbygyizbdzhvkb.supabase.co/storage/v1/object/public/product-images/M2151E059/M2151E059_2.jpg
M2034E059,BALLIN INC.,SANS PLI POLY,exact,https://hlzmzadbygyizbdzhvkb.supabase.co/storage/v1/object/public/product-images/M2034E059/M2034E059_1.jpg | https://hlzmzadbygyizbdzhvkb.supabase.co/storage/v1/object/public/product-images/M2034E059/M2034E059_2.jpg | https://hlzmzadbygyizbdzhvkb.supabase.co/storage/v1/object/public/product-images/M2034E059/M2034E059_3.jpg
M2142E059,BALLIN INC.,SANS PLI POLY,approx,https://hlzmzadbygyizbdzhvkb.supabase.co/storage/v1/object/public/product-images/M2142E059/M2142E059_1.jpg | https://hlzmzadbygyizbdzhvkb.supabase.co/storage/v1/object/public/product-images/M2142E059/M2142E059_2.jpg
35S11PHTBYZ,CITADIN CLASSIQUE,SANS PLI POLY COTON,approx,https://hlzmzadbygyizbdzhvkb.supabase.co/storage/v1/object/public/product-images/35S11PHTBYZ/35S11PHTBYZ_1.jpg | https://hlzmzadbygyizbdzhvkb.supabase.co/storage/v1/object/public/product-images/35S11PHTBYZ/35S11PHTBYZ_2.jpg
HR41820,HORST(ANGO MODE,SANS PLI POLY COTON,approx,https://hlzmzadbygyizbdzhvkb.supabase.co/storage/v1/object/public/product-images/HR41820/HR41820_1.jpg
41F7PFTBYC,CITADIN CLASSIQUE,SANS PLI POLY COTON EXTENSIBLE,approx,https://hlzmzadbygyizbdzhvkb.supabase.co/storage/v1/object/public/product-images/41F7PFTBYC/41F7PFTBYC_1.jpg | https://hlzmzadbygyizbdzhvkb.supabase.co/storage/v1/object/public/product-images/41F7PFTBYC/41F7PFTBYC_2.jpg
M4399M088,BALLIN INC.,SANS PLI POLY LAINE,approx,https://hlzmzadbygyizbdzhvkb.supabase.co/storage/v1/object/public/product-images/M4399M088/M4399M088_1.jpg | https://hlzmzadbygyizbdzhvkb.supabase.co/storage/v1/object/public/product-images/M4399M088/M4399M088_2.jpg
M4199MO89,BALLIN INC.,SANS PLI POLY LAINE,approx,https://hlzmzadbygyizbdzhvkb.supabase.co/storage/v1/object/public/product-images/M4199MO89/M4199MO89_1.jpg | https://hlzmzadbygyizbdzhvkb.supabase.co/storage/v1/object/public/product-images/M4199MO89/M4199MO89_2.jpg
M4199M107,BALLIN INC.,SANS PLI POLY LAINE,approx,https://hlzmzadbygyizbdzhvkb.supabase.co/storage/v1/object/public/product-images/M4199M107/M4199M107_1.jpg | https://hlzmzadbygyizbdzhvkb.supabase.co/storage/v1/object/public/product-images/M4199M107/M4199M107_2.jpg
M4199M088,BALLIN INC.,SANS PLI POLY LAINE,approx,https://hlzmzadbygyizbdzhvkb.supabase.co/storage/v1/object/public/product-images/M4199M088/M4199M088_1.jpg | https://hlzmzadbygyizbdzhvkb.supabase.co/storage/v1/object/public/product-images/M4199M088/M4199M088_2.jpg
M4199X015,BALLIN INC.,SANS PLI POLY LAINE,approx,https://hlzmzadbygyizbdzhvkb.supabase.co/storage/v1/object/public/product-images/M4199X015/M4199X015_1.jpg | https://hlzmzadbygyizbdzhvkb.supabase.co/storage/v1/object/public/product-images/M4199X015/M4199X015_2.jpg
M4199X003,BALLIN INC.,SANS PLI POLY LAINE,approx,https://hlzmzadbygyizbdzhvkb.supabase.co/storage/v1/object/public/product-images/M4199X003/M4199X003_1.jpg | https://hlzmzadbygyizbdzhvkb.supabase.co/storage/v1/object/public/product-images/M4199X003/M4199X003_2.jpg
M4199X027,BALLIN INC.,SANS PLI POLY LAINE,approx,https://hlzmzadbygyizbdzhvkb.supabase.co/storage/v1/object/public/product-images/M4199X027/M4199X027_1.jpg | https://hlzmzadbygyizbdzhvkb.supabase.co/storage/v1/object/public/product-images/M4199X027/M4199X027_2.jpg
M79869237,BALLIN INC.,SANS PLI POLY LAINE,approx,https://hlzmzadbygyizbdzhvkb.supabase.co/storage/v1/object/public/product-images/M79869237/M79869237_1.jpg | https://hlzmzadbygyizbdzhvkb.supabase.co/storage/v1/object/public/product-images/M79869237/M79869237_2.jpg
X33PFTLROS,CITADIN CLASSIQUE,SANS PLI POLY LAINE,approx,https://hlzmzadbygyizbdzhvkb.supabase.co/storage/v1/object/public/product-images/X33PFTLROS/X33PFTLROS_1.jpg | https://hlzmzadbygyizbdzhvkb.supabase.co/storage/v1/object/public/product-images/X33PFTLROS/X33PFTLROS_2.jpg
M39192081,BALLIN INC.,SANS PLI POLY LAINE,approx,https://hlzmzadbygyizbdzhvkb.supabase.co/storage/v1/object/public/product-images/M39192081/M39192081_1.jpg | https://hlzmzadbygyizbdzhvkb.supabase.co/storage/v1/object/public/product-images/M39192081/M39192081_2.jpg
M79869237B,BALLIN INC.,SANS PLI POLY LAINE,approx,https://hlzmzadbygyizbdzhvkb.supabase.co/storage/v1/object/public/product-images/M79869237B/M79869237B_1.jpg | https://hlzmzadbygyizbdzhvkb.supabase.co/storage/v1/object/public/product-images/M79869237B/M79869237B_2.jpg
M1621G099,BALLIN INC.,SANS PLI POLY LAINE,approx,https://hlzmzadbygyizbdzhvkb.supabase.co/storage/v1/object/public/product-images/M1621G099/M1621G099_1.jpg | https://hlzmzadbygyizbdzhvkb.supabase.co/storage/v1/object/public/product-images/M1621G099/M1621G099_2.jpg
51F14PHT,CITADIN CLASSIQUE,SANS PLI POLY LAINE EXTENSIBLE,approx,https://hlzmzadbygyizbdzhvkb.supabase.co/storage/v1/object/public/product-images/51F14PHT/51F14PHT_1.jpg | https://hlzmzadbygyizbdzhvkb.supabase.co/storage/v1/object/public/product-images/51F14PHT/51F14PHT_2.jpg
P17217949,BOSCO UOMO INC.,SANS PLI POLY LAINE EXTENSIBLE,approx,https://hlzmzadbygyizbdzhvkb.supabase.co/storage/v1/object/public/product-images/P17217949/P17217949_1.jpg | https://hlzmzadbygyizbdzhvkb.supabase.co/storage/v1/object/public/product-images/P17217949/P17217949_2.jpg
BERETTA,AU NOIR,SANS PLI POLY RAYONNE T.B.,exact,https://hlzmzadbygyizbdzhvkb.supabase.co/storage/v1/object/public/product-images/BERETTA/BERETTA_1.jpg | https://hlzmzadbygyizbdzhvkb.supabase.co/storage/v1/object/public/product-images/BERETTA/BERETTA_2.jpg | https://hlzmzadbygyizbdzhvkb.supabase.co/storage/v1/object/public/product-images/BERETTA/BERETTA_3.jpg | https://hlzmzadbygyizbdzhvkb.supabase.co/storage/v1/object/public/product-images/BERETTA/BERETTA_4.jpg | https://hlzmzadbygyizbdzhvkb.supabase.co/storage/v1/object/public/product-images/BERETTA/BERETTA_5.jpg
HP2055,HORST(ANGO MODE,SANS PLI POLY VISCOSE,approx,https://hlzmzadbygyizbdzhvkb.supabase.co/storage/v1/object/public/product-images/HP2055/HP2055_1.jpg
12126045,BEST SELLER (JACK N JONES),SANS PLI POLY VISCOSE,exact,https://hlzmzadbygyizbdzhvkb.supabase.co/storage/v1/object/public/product-images/12126045/12126045_1.jpg | https://hlzmzadbygyizbdzhvkb.supabase.co/storage/v1/object/public/product-images/12126045/12126045_2.jpg | https://hlzmzadbygyizbdzhvkb.supabase.co/storage/v1/object/public/product-images/12126045/12126045_3.jpg
M1564M063,BALLIN INC.,SANS PLI POLY VISCOSE,approx,https://hlzmzadbygyizbdzhvkb.supabase.co/storage/v1/object/public/product-images/M1564M063/M1564M063_1.jpg | https://hlzmzadbygyizbdzhvkb.supabase.co/storage/v1/object/public/product-images/M1564M063/M1564M063_2.jpg
60F15PHT,CITADIN CLASSIQUE,SANS PLIS POLY LAINE,approx,https://hlzmzadbygyizbdzhvkb.supabase.co/storage/v1/object/public/product-images/60F15PHT/60F15PHT_1.jpg | https://hlzmzadbygyizbdzhvkb.supabase.co/storage/v1/object/public/product-images/60F15PHT/60F15PHT_2.jpg
3020.6BT,KNOTZ,SEUL,approx,https://hlzmzadbygyizbdzhvkb.supabase.co/storage/v1/object/public/product-images/3020.6BT/3020.6BT_1.jpg | https://hlzmzadbygyizbdzhvkb.supabase.co/storage/v1/object/public/product-images/3020.6BT/3020.6BT_2.jpg
3015.10BT,KNOTZ,SEUL,approx,https://hlzmzadbygyizbdzhvkb.supabase.co/storage/v1/object/public/product-images/3015.10BT/3015.10BT_1.jpg | https://hlzmzadbygyizbdzhvkb.supabase.co/storage/v1/object/public/product-images/3015.10BT/3015.10BT_2.jpg
3015.11BT,KNOTZ,SEUL,approx,https://hlzmzadbygyizbdzhvkb.supabase.co/storage/v1/object/public/product-images/3015.11BT/3015.11BT_1.jpg | https://hlzmzadbygyizbdzhvkb.supabase.co/storage/v1/object/public/product-images/3015.11BT/3015.11BT_2.jpg
2015.8BT,KNOTZ,SEUL,approx,https://hlzmzadbygyizbdzhvkb.supabase.co/storage/v1/object/public/product-images/2015.8BT/2015.8BT_1.jpg | https://hlzmzadbygyizbdzhvkb.supabase.co/storage/v1/object/public/product-images/2015.8BT/2015.8BT_2.jpg
JAT.SKD,AU NOIR,SHORT DENIM,exact,https://hlzmzadbygyizbdzhvkb.supabase.co/storage/v1/object/public/product-images/JAT.SKD/JAT.SKD_1.jpg | https://hlzmzadbygyizbdzhvkb.supabase.co/storage/v1/object/public/product-images/JAT.SKD/JAT.SKD_2.jpg | https://hlzmzadbygyizbdzhvkb.supabase.co/storage/v1/object/public/product-images/JAT.SKD/JAT.SKD_3.jpg | https://hlzmzadbygyizbdzhvkb.supabase.co/storage/v1/object/public/product-images/JAT.SKD/JAT.SKD_4.jpg | https://hlzmzadbygyizbdzhvkb.supabase.co/storage/v1/object/public/product-images/JAT.SKD/JAT.SKD_5.jpg
20713326,BLEND (DK COMPANY CANADA INC),SHORT DENIM,exact,https://hlzmzadbygyizbdzhvkb.supabase.co/storage/v1/object/public/product-images/20713326/20713326_1.jpg | https://hlzmzadbygyizbdzhvkb.supabase.co/storage/v1/object/public/product-images/20713326/20713326_2.jpg
SXCS08,SAXX,SHORT NYLON,exact,https://hlzmzadbygyizbdzhvkb.supabase.co/storage/v1/object/public/product-images/SXCS08/SXCS08_1.jpg | https://hlzmzadbygyizbdzhvkb.supabase.co/storage/v1/object/public/product-images/SXCS08/SXCS08_2.jpg | https://hlzmzadbygyizbdzhvkb.supabase.co/storage/v1/object/public/product-images/SXCS08/SXCS08_3.jpg | https://hlzmzadbygyizbdzhvkb.supabase.co/storage/v1/object/public/product-images/SXCS08/SXCS08_4.jpg
2049,EROS CLOTHING,SOIE,approx,https://hlzmzadbygyizbdzhvkb.supabase.co/storage/v1/object/public/product-images/2049/2049_1.jpg | https://hlzmzadbygyizbdzhvkb.supabase.co/storage/v1/object/public/product-images/2049/2049_2.jpg
621,KNOTZ,SOIE,approx,https://hlzmzadbygyizbdzhvkb.supabase.co/storage/v1/object/public/product-images/621/621_1.jpg | https://hlzmzadbygyizbdzhvkb.supabase.co/storage/v1/object/public/product-images/621/621_2.jpg
626,KNOTZ,SOIE,approx,https://hlzmzadbygyizbdzhvkb.supabase.co/storage/v1/object/public/product-images/626/626_1.jpg | https://hlzmzadbygyizbdzhvkb.supabase.co/storage/v1/object/public/product-images/626/626_2.jpg
627,KNOTZ,SOIE,approx,https://hlzmzadbygyizbdzhvkb.supabase.co/storage/v1/object/public/product-images/627/627_1.jpg | https://hlzmzadbygyizbdzhvkb.supabase.co/storage/v1/object/public/product-images/627/627_2.jpg
631C,KNOTZ,SOIE,approx,https://hlzmzadbygyizbdzhvkb.supabase.co/storage/v1/object/public/product-images/631C/631C_1.jpg | https://hlzmzadbygyizbdzhvkb.supabase.co/storage/v1/object/public/product-images/631C/631C_2.jpg
632,KNOTZ,SOIE,approx,https://hlzmzadbygyizbdzhvkb.supabase.co/storage/v1/object/public/product-images/632/632_1.jpg | https://hlzmzadbygyizbdzhvkb.supabase.co/storage/v1/object/public/product-images/632/632_2.jpg
2006,EROS CLOTHING,SOIE,approx,https://hlzmzadbygyizbdzhvkb.supabase.co/storage/v1/object/public/product-images/2006/2006_1.jpg | https://hlzmzadbygyizbdzhvkb.supabase.co/storage/v1/object/public/product-images/2006/2006_2.jpg
C4414,MATCH INTERNATIONAL,SOIE,approx,https://hlzmzadbygyizbdzhvkb.supabase.co/storage/v1/object/public/product-images/C4414/C4414_1.jpg | https://hlzmzadbygyizbdzhvkb.supabase.co/storage/v1/object/public/product-images/C4414/C4414_2.jpg
C4432,MATCH INTERNATIONAL,SOIE,exact,https://hlzmzadbygyizbdzhvkb.supabase.co/storage/v1/object/public/product-images/C4432/C4432_1.jpg | https://hlzmzadbygyizbdzhvkb.supabase.co/storage/v1/object/public/product-images/C4432/C4432_2.jpg
229,KNOTZ,SOIE,approx,https://hlzmzadbygyizbdzhvkb.supabase.co/storage/v1/object/public/product-images/229/229_1.jpg | https://hlzmzadbygyizbdzhvkb.supabase.co/storage/v1/object/public/product-images/229/229_2.jpg
C5747,MATCH INTERNATIONAL,SOIE,exact,https://hlzmzadbygyizbdzhvkb.supabase.co/storage/v1/object/public/product-images/C5747/C5747_1.jpg
311,KNOTZ,SOIE,approx,https://hlzmzadbygyizbdzhvkb.supabase.co/storage/v1/object/public/product-images/311/311_1.jpg | https://hlzmzadbygyizbdzhvkb.supabase.co/storage/v1/object/public/product-images/311/311_2.jpg
38962,BRAEMORE,SOIE,approx,https://hlzmzadbygyizbdzhvkb.supabase.co/storage/v1/object/public/product-images/38962/38962_1.jpg | https://hlzmzadbygyizbdzhvkb.supabase.co/storage/v1/object/public/product-images/38962/38962_2.jpg
9201FT,F.O.G.I. OF CANADA,SOIE,approx,https://hlzmzadbygyizbdzhvkb.supabase.co/storage/v1/object/public/product-images/9201FT/9201FT_1.jpg | https://hlzmzadbygyizbdzhvkb.supabase.co/storage/v1/object/public/product-images/9201FT/9201FT_2.jpg
9203FT,F.O.G.I. OF CANADA,SOIE,approx,https://hlzmzadbygyizbdzhvkb.supabase.co/storage/v1/object/public/product-images/9203FT/9203FT_1.jpg | https://hlzmzadbygyizbdzhvkb.supabase.co/storage/v1/object/public/product-images/9203FT/9203FT_2.jpg
M6055,MATCH INTERNATIONAL,SOIE,exact,https://hlzmzadbygyizbdzhvkb.supabase.co/storage/v1/object/public/product-images/M6055/M6055_1.jpg | https://hlzmzadbygyizbdzhvkb.supabase.co/storage/v1/object/public/product-images/M6055/M6055_2.jpg | https://hlzmzadbygyizbdzhvkb.supabase.co/storage/v1/object/public/product-images/M6055/M6055_3.jpg
M6135,MATCH INTERNATIONAL,SOIE,exact,https://hlzmzadbygyizbdzhvkb.supabase.co/storage/v1/object/public/product-images/M6135/M6135_1.jpg | https://hlzmzadbygyizbdzhvkb.supabase.co/storage/v1/object/public/product-images/M6135/M6135_2.jpg | https://hlzmzadbygyizbdzhvkb.supabase.co/storage/v1/object/public/product-images/M6135/M6135_3.jpg
14134,WEYCO GROUP FLORHEIM,SOULER CHIC LOAFER,approx,https://hlzmzadbygyizbdzhvkb.supabase.co/storage/v1/object/public/product-images/14134/14134_1.jpg | https://hlzmzadbygyizbdzhvkb.supabase.co/storage/v1/object/public/product-images/14134/14134_2.jpg
S.LUFFY,MALDO (DISTRIBUTIONS),SOULER CHIC LOAFER,approx,https://hlzmzadbygyizbdzhvkb.supabase.co/storage/v1/object/public/product-images/S.LUFFY/S.LUFFY_1.jpg | https://hlzmzadbygyizbdzhvkb.supabase.co/storage/v1/object/public/product-images/S.LUFFY/S.LUFFY_2.jpg
8814,A2Z,SOULER CHIC LOAFER,approx,https://hlzmzadbygyizbdzhvkb.supabase.co/storage/v1/object/public/product-images/8814/8814_1.jpg | https://hlzmzadbygyizbdzhvkb.supabase.co/storage/v1/object/public/product-images/8814/8814_2.jpg
900026,HUSH PUPPIES,SOULIER CHIC LACE,exact,https://hlzmzadbygyizbdzhvkb.supabase.co/storage/v1/object/public/product-images/900026/900026_1.jpg | https://hlzmzadbygyizbdzhvkb.supabase.co/storage/v1/object/public/product-images/900026/900026_2.jpg
14272,WEYCO GROUP FLORHEIM,SOULIER CHIC LACE,approx,https://hlzmzadbygyizbdzhvkb.supabase.co/storage/v1/object/public/product-images/14272/14272_1.jpg | https://hlzmzadbygyizbdzhvkb.supabase.co/storage/v1/object/public/product-images/14272/14272_2.jpg
90161,WEYCO GROUP FLORHEIM,SOULIER CHIC LACE,approx,https://hlzmzadbygyizbdzhvkb.supabase.co/storage/v1/object/public/product-images/90161/90161_1.jpg | https://hlzmzadbygyizbdzhvkb.supabase.co/storage/v1/object/public/product-images/90161/90161_2.jpg
13163,WEYCO GROUP FLORHEIM,SOULIER CHIC LACE,approx,https://hlzmzadbygyizbdzhvkb.supabase.co/storage/v1/object/public/product-images/13163/13163_1.jpg | https://hlzmzadbygyizbdzhvkb.supabase.co/storage/v1/object/public/product-images/13163/13163_2.jpg
S.BILL,MALDO (DISTRIBUTIONS),SOULIER CHIC LACE,approx,https://hlzmzadbygyizbdzhvkb.supabase.co/storage/v1/object/public/product-images/S.BILL/S.BILL_1.jpg | https://hlzmzadbygyizbdzhvkb.supabase.co/storage/v1/object/public/product-images/S.BILL/S.BILL_2.jpg
S130,F.O.G.I. OF CANADA,SOULIER CHIC LACE,approx,https://hlzmzadbygyizbdzhvkb.supabase.co/storage/v1/object/public/product-images/S130/S130_1.jpg | https://hlzmzadbygyizbdzhvkb.supabase.co/storage/v1/object/public/product-images/S130/S130_2.jpg
15216,WEYCO GROUP FLORHEIM,SOULIER CHIC LACE,approx,https://hlzmzadbygyizbdzhvkb.supabase.co/storage/v1/object/public/product-images/15216/15216_1.jpg | https://hlzmzadbygyizbdzhvkb.supabase.co/storage/v1/object/public/product-images/15216/15216_2.jpg
8811,A2Z,SOULIER CHIC LACE,approx,https://hlzmzadbygyizbdzhvkb.supabase.co/storage/v1/object/public/product-images/8811/8811_1.jpg | https://hlzmzadbygyizbdzhvkb.supabase.co/storage/v1/object/public/product-images/8811/8811_2.jpg
S.DEAN,MALDO (DISTRIBUTIONS),SOULIER CHIC LACE,approx,https://hlzmzadbygyizbdzhvkb.supabase.co/storage/v1/object/public/product-images/S.DEAN/S.DEAN_1.jpg | https://hlzmzadbygyizbdzhvkb.supabase.co/storage/v1/object/public/product-images/S.DEAN/S.DEAN_2.jpg
S.BOBY,MALDO (DISTRIBUTIONS),SOULIER LACÉ PU/CUIR,approx,https://hlzmzadbygyizbdzhvkb.supabase.co/storage/v1/object/public/product-images/S.BOBY/S.BOBY_1.jpg | https://hlzmzadbygyizbdzhvkb.supabase.co/storage/v1/object/public/product-images/S.BOBY/S.BOBY_2.jpg
14457,WEYCO GROUP FLORHEIM,SOULIER SPORT LACE,exact,https://hlzmzadbygyizbdzhvkb.supabase.co/storage/v1/object/public/product-images/14457/14457_1.jpg | https://hlzmzadbygyizbdzhvkb.supabase.co/storage/v1/object/public/product-images/14457/14457_2.jpg | https://hlzmzadbygyizbdzhvkb.supabase.co/storage/v1/object/public/product-images/14457/14457_3.jpg | https://hlzmzadbygyizbdzhvkb.supabase.co/storage/v1/object/public/product-images/14457/14457_4.jpg
K55344,REEBOK CANADA INC. (div. Rockport),SOULIER SPORT LACE,approx,https://hlzmzadbygyizbdzhvkb.supabase.co/storage/v1/object/public/product-images/K55344/K55344_1.jpg | https://hlzmzadbygyizbdzhvkb.supabase.co/storage/v1/object/public/product-images/K55344/K55344_2.jpg
23057,A2Z,SOULIER SPORT LACE,approx,https://hlzmzadbygyizbdzhvkb.supabase.co/storage/v1/object/public/product-images/23057/23057_1.jpg | https://hlzmzadbygyizbdzhvkb.supabase.co/storage/v1/object/public/product-images/23057/23057_2.jpg
14273,WEYCO GROUP FLORHEIM,SOULIER SPORT LACE,approx,https://hlzmzadbygyizbdzhvkb.supabase.co/storage/v1/object/public/product-images/14273/14273_1.jpg | https://hlzmzadbygyizbdzhvkb.supabase.co/storage/v1/object/public/product-images/14273/14273_2.jpg
S.AXEL,MALDO (DISTRIBUTIONS),SOULIER SPORT LACE/MÈCHE,exact,https://hlzmzadbygyizbdzhvkb.supabase.co/storage/v1/object/public/product-images/S.AXEL/S.AXEL_1.jpg | https://hlzmzadbygyizbdzhvkb.supabase.co/storage/v1/object/public/product-images/S.AXEL/S.AXEL_2.jpg
13173,WEYCO GROUP FLORHEIM,SOULIER SPORT LOAFER,approx,https://hlzmzadbygyizbdzhvkb.supabase.co/storage/v1/object/public/product-images/13173/13173_1.jpg | https://hlzmzadbygyizbdzhvkb.supabase.co/storage/v1/object/public/product-images/13173/13173_2.jpg
F352T,MALDO (DISTRIBUTIONS),SPORT CUIR UNI,approx,https://hlzmzadbygyizbdzhvkb.supabase.co/storage/v1/object/public/product-images/F352T/F352T_1.jpg | https://hlzmzadbygyizbdzhvkb.supabase.co/storage/v1/object/public/product-images/F352T/F352T_2.jpg
1133,MILIDEE,SPORT CUIR UNI,approx,https://hlzmzadbygyizbdzhvkb.supabase.co/storage/v1/object/public/product-images/1133/1133_1.jpg | https://hlzmzadbygyizbdzhvkb.supabase.co/storage/v1/object/public/product-images/1133/1133_2.jpg
B90232,,SPORT CUIR UNI,exact,https://hlzmzadbygyizbdzhvkb.supabase.co/storage/v1/object/public/product-images/B90232/B90232_1.jpg | https://hlzmzadbygyizbdzhvkb.supabase.co/storage/v1/object/public/product-images/B90232/B90232_2.jpg | https://hlzmzadbygyizbdzhvkb.supabase.co/storage/v1/object/public/product-images/B90232/B90232_3.jpg
B4521,MATCH INTERNATIONAL,SPORT CUIR UNI,exact,https://hlzmzadbygyizbdzhvkb.supabase.co/storage/v1/object/public/product-images/B4521/B4521_1.jpg | https://hlzmzadbygyizbdzhvkb.supabase.co/storage/v1/object/public/product-images/B4521/B4521_2.jpg | https://hlzmzadbygyizbdzhvkb.supabase.co/storage/v1/object/public/product-images/B4521/B4521_3.jpg
B4517,MATCH INTERNATIONAL,SPORT CUIR UNI,approx,https://hlzmzadbygyizbdzhvkb.supabase.co/storage/v1/object/public/product-images/B4517/B4517_1.jpg | https://hlzmzadbygyizbdzhvkb.supabase.co/storage/v1/object/public/product-images/B4517/B4517_2.jpg
1901,RAYATA (9184-7244 QUEBEC INC.),SPORT CUIR UNI,approx,https://hlzmzadbygyizbdzhvkb.supabase.co/storage/v1/object/public/product-images/1901/1901_1.jpg | https://hlzmzadbygyizbdzhvkb.supabase.co/storage/v1/object/public/product-images/1901/1901_2.jpg
1880R,RAYATA (9184-7244 QUEBEC INC.),SPORT CUIR UNI,approx,https://hlzmzadbygyizbdzhvkb.supabase.co/storage/v1/object/public/product-images/1880R/1880R_1.jpg | https://hlzmzadbygyizbdzhvkb.supabase.co/storage/v1/object/public/product-images/1880R/1880R_2.jpg
98690,MILIDEE,SPORT CUIR UNI,approx,https://hlzmzadbygyizbdzhvkb.supabase.co/storage/v1/object/public/product-images/98690/98690_1.jpg | https://hlzmzadbygyizbdzhvkb.supabase.co/storage/v1/object/public/product-images/98690/98690_2.jpg
11271,CUSTOM LEATHER,SPORT CUIR UNI,approx,https://hlzmzadbygyizbdzhvkb.supabase.co/storage/v1/object/public/product-images/11271/11271_1.jpg | https://hlzmzadbygyizbdzhvkb.supabase.co/storage/v1/object/public/product-images/11271/11271_2.jpg
10873,MILIDEE,SPORT CUIR UNI,approx,https://hlzmzadbygyizbdzhvkb.supabase.co/storage/v1/object/public/product-images/10873/10873_1.jpg | https://hlzmzadbygyizbdzhvkb.supabase.co/storage/v1/object/public/product-images/10873/10873_2.jpg
8920,MILIDEE,SPORT CUIR UNI,approx,https://hlzmzadbygyizbdzhvkb.supabase.co/storage/v1/object/public/product-images/8920/8920_1.jpg | https://hlzmzadbygyizbdzhvkb.supabase.co/storage/v1/object/public/product-images/8920/8920_2.jpg
7138,,SPORT CUIR UNI,approx,https://hlzmzadbygyizbdzhvkb.supabase.co/storage/v1/object/public/product-images/7138/7138_1.jpg | https://hlzmzadbygyizbdzhvkb.supabase.co/storage/v1/object/public/product-images/7138/7138_2.jpg
1916,RAYATA (9184-7244 QUEBEC INC.),SPORT CUIR UNI,approx,https://hlzmzadbygyizbdzhvkb.supabase.co/storage/v1/object/public/product-images/1916/1916_1.jpg | https://hlzmzadbygyizbdzhvkb.supabase.co/storage/v1/object/public/product-images/1916/1916_2.jpg
2586R,RAYATA (9184-7244 QUEBEC INC.),SPORT CUIR UNI,approx,https://hlzmzadbygyizbdzhvkb.supabase.co/storage/v1/object/public/product-images/2586R/2586R_1.jpg | https://hlzmzadbygyizbdzhvkb.supabase.co/storage/v1/object/public/product-images/2586R/2586R_2.jpg
BS4508,MATCH INTERNATIONAL,SPORT CUIR UNI,approx,https://hlzmzadbygyizbdzhvkb.supabase.co/storage/v1/object/public/product-images/BS4508/BS4508_1.jpg | https://hlzmzadbygyizbdzhvkb.supabase.co/storage/v1/object/public/product-images/BS4508/BS4508_2.jpg
BP4512,MATCH INTERNATIONAL,SPORT CUIR UNI,approx,https://hlzmzadbygyizbdzhvkb.supabase.co/storage/v1/object/public/product-images/BP4512/BP4512_1.jpg | https://hlzmzadbygyizbdzhvkb.supabase.co/storage/v1/object/public/product-images/BP4512/BP4512_2.jpg
BP4510,MATCH INTERNATIONAL,SPORT CUIR UNI,approx,https://hlzmzadbygyizbdzhvkb.supabase.co/storage/v1/object/public/product-images/BP4510/BP4510_1.jpg | https://hlzmzadbygyizbdzhvkb.supabase.co/storage/v1/object/public/product-images/BP4510/BP4510_2.jpg
2020T,MALDO (DISTRIBUTIONS),SPORT CUIR UNI,approx,https://hlzmzadbygyizbdzhvkb.supabase.co/storage/v1/object/public/product-images/2020T/2020T_1.jpg | https://hlzmzadbygyizbdzhvkb.supabase.co/storage/v1/object/public/product-images/2020T/2020T_2.jpg
12580,MILIDEE,SPORT CUIR UNI,approx,https://hlzmzadbygyizbdzhvkb.supabase.co/storage/v1/object/public/product-images/12580/12580_1.jpg | https://hlzmzadbygyizbdzhvkb.supabase.co/storage/v1/object/public/product-images/12580/12580_2.jpg
3FRC0250,MEXX  HOMME,SPORT NYLON UNI,approx,https://hlzmzadbygyizbdzhvkb.supabase.co/storage/v1/object/public/product-images/3FRC0250/3FRC0250_1.jpg | https://hlzmzadbygyizbdzhvkb.supabase.co/storage/v1/object/public/product-images/3FRC0250/3FRC0250_2.jpg
B9805,AXESSIMO INTERNATIONAL,SPORT REGULER COTON,approx,https://hlzmzadbygyizbdzhvkb.supabase.co/storage/v1/object/public/product-images/B9805/B9805_1.jpg | https://hlzmzadbygyizbdzhvkb.supabase.co/storage/v1/object/public/product-images/B9805/B9805_2.jpg
B9304,AXESSIMO INTERNATIONAL,SPORT REGULER COTON,approx,https://hlzmzadbygyizbdzhvkb.supabase.co/storage/v1/object/public/product-images/B9304/B9304_1.jpg | https://hlzmzadbygyizbdzhvkb.supabase.co/storage/v1/object/public/product-images/B9304/B9304_2.jpg
B9301,AXESSIMO INTERNATIONAL,SPORT REGULER COTON,approx,https://hlzmzadbygyizbdzhvkb.supabase.co/storage/v1/object/public/product-images/B9301/B9301_1.jpg | https://hlzmzadbygyizbdzhvkb.supabase.co/storage/v1/object/public/product-images/B9301/B9301_2.jpg
92017,MCGREGOR HOSIERY MILLS LTD,SPORT REGULER COTON,approx,https://hlzmzadbygyizbdzhvkb.supabase.co/storage/v1/object/public/product-images/92017/92017_1.jpg | https://hlzmzadbygyizbdzhvkb.supabase.co/storage/v1/object/public/product-images/92017/92017_2.jpg
5842,DOT-LINE DESING,SPORT REGULER COTON,approx,https://hlzmzadbygyizbdzhvkb.supabase.co/storage/v1/object/public/product-images/5842/5842_1.jpg | https://hlzmzadbygyizbdzhvkb.supabase.co/storage/v1/object/public/product-images/5842/5842_2.jpg
5296,DOT-LINE DESING,SPORT REGULER COTON,approx,https://hlzmzadbygyizbdzhvkb.supabase.co/storage/v1/object/public/product-images/5296/5296_1.jpg | https://hlzmzadbygyizbdzhvkb.supabase.co/storage/v1/object/public/product-images/5296/5296_2.jpg
5291,DOT-LINE DESING,SPORT REGULER COTON,approx,https://hlzmzadbygyizbdzhvkb.supabase.co/storage/v1/object/public/product-images/5291/5291_1.jpg | https://hlzmzadbygyizbdzhvkb.supabase.co/storage/v1/object/public/product-images/5291/5291_2.jpg
5289,DOT-LINE DESING,SPORT REGULER COTON,approx,https://hlzmzadbygyizbdzhvkb.supabase.co/storage/v1/object/public/product-images/5289/5289_1.jpg | https://hlzmzadbygyizbdzhvkb.supabase.co/storage/v1/object/public/product-images/5289/5289_2.jpg
5286,DOT-LINE DESING,SPORT REGULER COTON,approx,https://hlzmzadbygyizbdzhvkb.supabase.co/storage/v1/object/public/product-images/5286/5286_1.jpg | https://hlzmzadbygyizbdzhvkb.supabase.co/storage/v1/object/public/product-images/5286/5286_2.jpg
5264,DOT-LINE DESING,SPORT REGULER COTON,approx,https://hlzmzadbygyizbdzhvkb.supabase.co/storage/v1/object/public/product-images/5264/5264_1.jpg | https://hlzmzadbygyizbdzhvkb.supabase.co/storage/v1/object/public/product-images/5264/5264_2.jpg
5224,DOT-LINE DESING,SPORT REGULER COTON,approx,https://hlzmzadbygyizbdzhvkb.supabase.co/storage/v1/object/public/product-images/5224/5224_1.jpg | https://hlzmzadbygyizbdzhvkb.supabase.co/storage/v1/object/public/product-images/5224/5224_2.jpg
B9807,AXESSIMO INTERNATIONAL,SPORT REGULER COTON,approx,https://hlzmzadbygyizbdzhvkb.supabase.co/storage/v1/object/public/product-images/B9807/B9807_1.jpg | https://hlzmzadbygyizbdzhvkb.supabase.co/storage/v1/object/public/product-images/B9807/B9807_2.jpg
B9801,AXESSIMO INTERNATIONAL,SPORT REGULER COTON,approx,https://hlzmzadbygyizbdzhvkb.supabase.co/storage/v1/object/public/product-images/B9801/B9801_1.jpg | https://hlzmzadbygyizbdzhvkb.supabase.co/storage/v1/object/public/product-images/B9801/B9801_2.jpg
B9702,AXESSIMO INTERNATIONAL,SPORT REGULER COTON,approx,https://hlzmzadbygyizbdzhvkb.supabase.co/storage/v1/object/public/product-images/B9702/B9702_1.jpg | https://hlzmzadbygyizbdzhvkb.supabase.co/storage/v1/object/public/product-images/B9702/B9702_2.jpg
05155,DOT-LINE DESING,SPORT REGULER COTON,approx,https://hlzmzadbygyizbdzhvkb.supabase.co/storage/v1/object/public/product-images/05155/05155_1.jpg | https://hlzmzadbygyizbdzhvkb.supabase.co/storage/v1/object/public/product-images/05155/05155_2.jpg
05154,DOT-LINE DESING,SPORT REGULER COTON,approx,https://hlzmzadbygyizbdzhvkb.supabase.co/storage/v1/object/public/product-images/05154/05154_1.jpg | https://hlzmzadbygyizbdzhvkb.supabase.co/storage/v1/object/public/product-images/05154/05154_2.jpg
05151,DOT-LINE DESING,SPORT REGULER COTON,approx,https://hlzmzadbygyizbdzhvkb.supabase.co/storage/v1/object/public/product-images/05151/05151_1.jpg | https://hlzmzadbygyizbdzhvkb.supabase.co/storage/v1/object/public/product-images/05151/05151_2.jpg
05147,DOT-LINE DESING,SPORT REGULER COTON,approx,https://hlzmzadbygyizbdzhvkb.supabase.co/storage/v1/object/public/product-images/05147/05147_1.jpg | https://hlzmzadbygyizbdzhvkb.supabase.co/storage/v1/object/public/product-images/05147/05147_2.jpg
05110,DOT-LINE DESING,SPORT REGULER COTON,approx,https://hlzmzadbygyizbdzhvkb.supabase.co/storage/v1/object/public/product-images/05110/05110_1.jpg | https://hlzmzadbygyizbdzhvkb.supabase.co/storage/v1/object/public/product-images/05110/05110_2.jpg
KJ720F,MEXX  HOMME,SPORT REGULER COTON,approx,https://hlzmzadbygyizbdzhvkb.supabase.co/storage/v1/object/public/product-images/KJ720F/KJ720F_1.jpg | https://hlzmzadbygyizbdzhvkb.supabase.co/storage/v1/object/public/product-images/KJ720F/KJ720F_2.jpg
KJ713F,MEXX  HOMME,SPORT REGULER COTON,approx,https://hlzmzadbygyizbdzhvkb.supabase.co/storage/v1/object/public/product-images/KJ713F/KJ713F_1.jpg | https://hlzmzadbygyizbdzhvkb.supabase.co/storage/v1/object/public/product-images/KJ713F/KJ713F_2.jpg
54110,DOT-LINE DESING,SPORT SOCKET COTON,approx,https://hlzmzadbygyizbdzhvkb.supabase.co/storage/v1/object/public/product-images/54110/54110_1.jpg | https://hlzmzadbygyizbdzhvkb.supabase.co/storage/v1/object/public/product-images/54110/54110_2.jpg
94105,MCGREGOR HOSIERY MILLS LTD,SPORT SOCKET COTON,approx,https://hlzmzadbygyizbdzhvkb.supabase.co/storage/v1/object/public/product-images/94105/94105_1.jpg | https://hlzmzadbygyizbdzhvkb.supabase.co/storage/v1/object/public/product-images/94105/94105_2.jpg
N261300,ALPHI (GARCIA),SURCHEMISE COTTON-POLY,approx,https://hlzmzadbygyizbdzhvkb.supabase.co/storage/v1/object/public/product-images/N261300/N261300_1.jpg | https://hlzmzadbygyizbdzhvkb.supabase.co/storage/v1/object/public/product-images/N261300/N261300_2.jpg | https://hlzmzadbygyizbdzhvkb.supabase.co/storage/v1/object/public/product-images/N261300/N261300_3.jpg
20506167,CASUAL FRIDAY ( DKV COMPANY),SURCHEMISE POLY/COTTON,exact,https://hlzmzadbygyizbdzhvkb.supabase.co/storage/v1/object/public/product-images/20506167/20506167_1.jpg | https://hlzmzadbygyizbdzhvkb.supabase.co/storage/v1/object/public/product-images/20506167/20506167_2.jpg | https://hlzmzadbygyizbdzhvkb.supabase.co/storage/v1/object/public/product-images/20506167/20506167_3.jpg | https://hlzmzadbygyizbdzhvkb.supabase.co/storage/v1/object/public/product-images/20506167/20506167_4.jpg
26AN571,N-Z-A-  (MKimpton Inc.),SURCHEMISE POLY/COTTON,exact,https://hlzmzadbygyizbdzhvkb.supabase.co/storage/v1/object/public/product-images/26AN571/26AN571_1.jpg
13112140,MAJESTIC,T-SHIRT,approx,https://hlzmzadbygyizbdzhvkb.supabase.co/storage/v1/object/public/product-images/13112140/13112140_1.jpg | https://hlzmzadbygyizbdzhvkb.supabase.co/storage/v1/object/public/product-images/13112140/13112140_2.jpg
O261004,ALPHI (GARCIA),T-SHIRT COTON,exact,https://hlzmzadbygyizbdzhvkb.supabase.co/storage/v1/object/public/product-images/O261004/O261004_1.jpg
TS.NW,BLUEBUCK,T-SHIRT COTON,approx,https://hlzmzadbygyizbdzhvkb.supabase.co/storage/v1/object/public/product-images/TS.NW/TS.NW_1.jpg | https://hlzmzadbygyizbdzhvkb.supabase.co/storage/v1/object/public/product-images/TS.NW/TS.NW_2.jpg
94809,JIMMIS CANADA INC.,TANGA COTON,approx,https://hlzmzadbygyizbdzhvkb.supabase.co/storage/v1/object/public/product-images/94809/94809_1.jpg | https://hlzmzadbygyizbdzhvkb.supabase.co/storage/v1/object/public/product-images/94809/94809_2.jpg
90349,JIMMIS CANADA INC.,TANGA COTON,approx,https://hlzmzadbygyizbdzhvkb.supabase.co/storage/v1/object/public/product-images/90349/90349_1.jpg | https://hlzmzadbygyizbdzhvkb.supabase.co/storage/v1/object/public/product-images/90349/90349_2.jpg
08149,JIMMIS CANADA INC.,TANGA COTON,approx,https://hlzmzadbygyizbdzhvkb.supabase.co/storage/v1/object/public/product-images/08149/08149_1.jpg | https://hlzmzadbygyizbdzhvkb.supabase.co/storage/v1/object/public/product-images/08149/08149_2.jpg
90352,JIMMIS CANADA INC.,TANGA COTON,approx,https://hlzmzadbygyizbdzhvkb.supabase.co/storage/v1/object/public/product-images/90352/90352_1.jpg | https://hlzmzadbygyizbdzhvkb.supabase.co/storage/v1/object/public/product-images/90352/90352_2.jpg
M40901.0,Aladdin Mercantile (trading) Company Inc,TOXEDO S.B. LAINE,approx,https://hlzmzadbygyizbdzhvkb.supabase.co/storage/v1/object/public/product-images/M40901.0/M40901.0_1.jpg | https://hlzmzadbygyizbdzhvkb.supabase.co/storage/v1/object/public/product-images/M40901.0/M40901.0_2.jpg
M40901.1.1,JIM (SPÉCIAL NOËL 2012),TOXEDO S.B. LAINE,exact,https://hlzmzadbygyizbdzhvkb.supabase.co/storage/v1/object/public/product-images/M40901.1.1/M40901.1.1_1.jpg | https://hlzmzadbygyizbdzhvkb.supabase.co/storage/v1/object/public/product-images/M40901.1.1/M40901.1.1_2.jpg
LA.JOHNNY.RENTE,FILATI (Les Importations),TRENCH,approx,https://hlzmzadbygyizbdzhvkb.supabase.co/storage/v1/object/public/product-images/LA.JOHNNY.RENTE/LA.JOHNNY.RENTE_1.jpg | https://hlzmzadbygyizbdzhvkb.supabase.co/storage/v1/object/public/product-images/LA.JOHNNY.RENTE/LA.JOHNNY.RENTE_2.jpg
26AN820,N-Z-A-  (MKimpton Inc.),VESTE S.MANCHES POLY,exact,https://hlzmzadbygyizbdzhvkb.supabase.co/storage/v1/object/public/product-images/26AN820/26AN820_1.jpg | https://hlzmzadbygyizbdzhvkb.supabase.co/storage/v1/object/public/product-images/26AN820/26AN820_2.jpg
DYLA0006,DKNY,VESTE SANS MANCHES,approx,https://hlzmzadbygyizbdzhvkb.supabase.co/storage/v1/object/public/product-images/DYLA0006/DYLA0006_1.jpg | https://hlzmzadbygyizbdzhvkb.supabase.co/storage/v1/object/public/product-images/DYLA0006/DYLA0006_2.jpg
DYLA0005,DKNY,VESTE SANS MANCHES,approx,https://hlzmzadbygyizbdzhvkb.supabase.co/storage/v1/object/public/product-images/DYLA0005/DYLA0005_1.jpg | https://hlzmzadbygyizbdzhvkb.supabase.co/storage/v1/object/public/product-images/DYLA0005/DYLA0005_2.jpg
61.3665,FELLOWS,ZIP COTON,exact,https://hlzmzadbygyizbdzhvkb.supabase.co/storage/v1/object/public/product-images/61.3665/61.3665_1.jpg | https://hlzmzadbygyizbdzhvkb.supabase.co/storage/v1/object/public/product-images/61.3665/61.3665_2.jpg
421008R,MODEXTIL INC.(REPORT),ZIP POLY,approx,https://hlzmzadbygyizbdzhvkb.supabase.co/storage/v1/object/public/product-images/421008R/421008R_1.jpg | https://hlzmzadbygyizbdzhvkb.supabase.co/storage/v1/object/public/product-images/421008R/421008R_2.jpg
